Hydroelectricity: Consumption*,,,,,,,,,Contents,,,,,,,,,,,,,,,,,,,,,,,,,,,,,,,,,,,,,,,,,,,,,,,,,,,,
,,,,,,,,,,,,,,,,,,,,,,,,,,,,,,,,,,,,,,,,,,,,,,,,,,,,,,,,,,,Growth rate per annum,,Share
Exajoules,1965,1966,1967,1968,1969,1970,1971,1972,1973,1974,1975,1976,1977,1978,1979,1980,1981,1982,1983,1984,1985,1986,1987,1988,1989,1990,1991,1992,1993,1994,1995,1996,1997,1998,1999,2000,2001,2002,2003,2004,2005,2006,2007,2008,2009,2010,2011,2012,2013,2014,2015,2016,2017,2018,2019,2020,2021,2022,2022,2012-22,2022
,,,,,,,,,,,,,,,,,,,,,,,,,,,,,,,,,,,,,,,,,,,,,,,,,,,,,,,,,,,,,
Canada,1.26,1.39,1.43,1.45,1.60,1.68,1.73,1.93,2.07,2.24,2.16,2.26,2.34,2.50,2.60,2.67,2.83,2.74,2.83,3.05,3.23,3.31,3.37,3.27,3.09,3.15,3.27,3.36,3.43,3.49,3.56,3.77,3.71,3.52,3.67,3.80,3.51,3.67,3.51,3.51,3.73,3.61,3.74,3.82,3.71,3.51,3.73,3.75,3.84,3.73,3.71,3.71,3.78,3.68,3.62,3.65,3.61,3.7,3.7%,♦,9.2%
Mexico,0.09,0.11,0.12,0.13,0.14,0.16,0.16,0.17,0.17,0.18,0.16,0.18,0.20,0.17,0.19,0.18,0.26,0.24,0.22,0.25,0.30,0.23,0.21,0.23,0.27,0.26,0.24,0.29,0.28,0.22,0.29,0.33,0.28,0.26,0.35,0.35,0.30,0.26,0.21,0.26,0.29,0.31,0.28,0.40,0.27,0.37,0.36,0.31,0.27,0.38,0.30,0.30,0.31,0.31,0.22,0.25,0.33,0.3,2.1%,0.6%,0.8%
US,2.12,2.13,2.42,2.43,2.73,2.70,2.90,2.97,2.96,3.27,3.26,3.09,2.40,3.05,3.04,3.00,2.84,3.36,3.61,3.49,3.06,3.16,2.72,2.43,2.92,3.11,3.06,2.68,2.97,2.76,3.31,3.70,3.79,3.43,3.37,2.90,2.22,2.71,2.82,2.72,2.75,2.92,2.47,2.54,2.73,2.57,3.14,2.70,2.62,2.49,2.39,2.54,2.84,2.76,2.71,2.67,2.35,2.4,3.5%,-1.1%,6.0%
Total North America,3.47,3.63,3.96,4.01,4.47,4.54,4.78,5.07,5.21,5.69,5.58,5.53,4.95,5.72,5.83,5.86,5.93,6.35,6.66,6.78,6.59,6.69,6.29,5.94,6.29,6.52,6.57,6.32,6.69,6.47,7.16,7.81,7.78,7.21,7.39,7.05,6.03,6.64,6.54,6.50,6.76,6.85,6.49,6.76,6.71,6.45,7.23,6.77,6.73,6.60,6.39,6.55,6.93,6.74,6.56,6.58,6.28,6.5,3.5%,-0.4%,16.0%
,,,,,,,,,,,,,,,,,,,,,,,,,,,,,,,,,,,,,,,,,,,,,,,,,,,,,,,,,,,,,
Argentina,0.01,0.01,0.01,0.02,0.01,0.02,0.02,0.02,0.03,0.05,0.06,0.05,0.06,0.08,0.11,0.16,0.16,0.19,0.20,0.21,0.22,0.22,0.23,0.16,0.14,0.19,0.17,0.20,0.25,0.29,0.28,0.24,0.30,0.28,0.23,0.30,0.39,0.38,0.35,0.32,0.35,0.39,0.32,0.32,0.35,0.33,0.31,0.29,0.32,0.32,0.31,0.29,0.30,0.31,0.26,0.22,0.19,0.2,21.1%,-2.5%,0.6%
Brazil,0.27,0.30,0.31,0.33,0.35,0.42,0.46,0.54,0.62,0.70,0.77,0.88,1.00,1.09,1.24,1.37,1.39,1.50,1.61,1.77,1.90,1.94,1.98,2.12,2.18,2.20,2.32,2.38,2.50,2.58,2.70,2.83,2.97,3.10,3.12,3.24,2.83,3.01,3.19,3.33,3.48,3.57,3.81,3.74,3.93,4.03,4.25,4.10,3.84,3.64,3.49,3.67,3.55,3.70,3.78,3.75,3.42,4.0,17.3%,-0.2%,9.9%
Chile,0.04,0.04,0.05,0.04,0.04,0.05,0.05,0.06,0.06,0.07,0.07,0.07,0.07,0.08,0.08,0.08,0.09,0.09,0.10,0.11,0.12,0.13,0.14,0.13,0.11,0.10,0.14,0.18,0.18,0.18,0.20,0.18,0.20,0.17,0.14,0.20,0.23,0.24,0.24,0.22,0.26,0.29,0.23,0.25,0.25,0.22,0.20,0.20,0.20,0.22,0.23,0.19,0.20,0.22,0.20,0.21,0.17,0.2,22.7%,0.5%,0.5%
Colombia,0.04,0.04,0.05,0.05,0.06,0.06,0.07,0.08,0.08,0.09,0.10,0.11,0.11,0.13,0.14,0.15,0.15,0.16,0.16,0.18,0.20,0.23,0.25,0.26,0.29,0.29,0.30,0.24,0.30,0.34,0.34,0.38,0.34,0.33,0.36,0.33,0.33,0.36,0.38,0.40,0.40,0.44,0.45,0.47,0.41,0.41,0.48,0.47,0.44,0.44,0.43,0.45,0.55,0.54,0.52,0.47,0.57,0.6,6.0%,2.5%,1.5%
Ecuador,^,^,^,^,^,^,^,^,^,0.01,0.01,0.01,0.01,0.01,0.01,0.01,0.01,0.01,0.02,0.03,0.03,0.04,0.05,0.05,0.05,0.05,0.05,0.05,0.06,0.07,0.05,0.07,0.07,0.07,0.08,0.08,0.07,0.08,0.07,0.08,0.07,0.07,0.09,0.11,0.09,0.09,0.11,0.12,0.11,0.11,0.13,0.15,0.19,0.20,0.23,0.23,0.24,0.2,-4.0%,6.7%,0.6%
Peru,0.03,0.03,0.03,0.04,0.04,0.04,0.05,0.05,0.05,0.06,0.06,0.06,0.06,0.07,0.07,0.07,0.09,0.09,0.09,0.09,0.10,0.11,0.12,0.11,0.11,0.11,0.12,0.10,0.13,0.14,0.14,0.14,0.14,0.15,0.15,0.17,0.19,0.19,0.19,0.18,0.19,0.20,0.20,0.19,0.20,0.20,0.21,0.22,0.22,0.22,0.23,0.23,0.28,0.29,0.30,0.29,0.30,0.3,-7.2%,2.5%,0.7%
Trinidad & Tobago,-,-,-,-,-,-,-,-,-,-,-,-,-,-,-,-,-,-,-,-,-,-,-,-,-,-,-,-,-,-,-,-,-,-,-,-,-,-,-,-,-,-,-,-,-,-,-,-,-,-,-,-,-,-,-,-,-,-,-,-,♦
Venezuela,0.01,0.01,0.02,0.03,0.03,0.04,0.06,0.06,0.07,0.08,0.10,0.11,0.13,0.13,0.15,0.16,0.16,0.17,0.19,0.22,0.24,0.27,0.33,0.36,0.37,0.39,0.47,0.50,0.51,0.55,0.55,0.57,0.61,0.62,0.65,0.67,0.64,0.63,0.63,0.73,0.79,0.83,0.85,0.88,0.86,0.77,0.83,0.81,0.80,0.78,0.72,0.61,0.67,0.62,0.60,0.64,0.64,0.6,-2.2%,-2.5%,1.5%
Central America,0.01,0.02,0.02,0.02,0.02,0.02,0.02,0.03,0.03,0.03,0.03,0.03,0.03,0.04,0.05,0.06,0.06,0.06,0.07,0.07,0.08,0.10,0.10,0.11,0.12,0.12,0.12,0.11,0.13,0.12,0.12,0.14,0.14,0.14,0.16,0.16,0.15,0.15,0.16,0.17,0.18,0.18,0.18,0.20,0.19,0.21,0.21,0.22,0.21,0.21,0.22,0.22,0.26,0.26,0.20,0.25,0.28,0.3,5.6%,3.0%,0.7%
Other Caribbean,^,^,^,^,^,^,0.01,0.01,0.01,0.01,0.01,0.01,0.01,0.01,0.01,0.01,0.02,0.01,0.01,0.02,0.02,0.02,0.02,0.03,0.01,0.01,0.01,0.01,0.02,0.01,0.01,0.02,0.01,0.02,0.03,0.02,0.01,0.02,0.02,0.02,0.03,0.03,0.02,0.02,0.02,0.02,0.02,0.02,0.02,0.02,0.01,0.02,0.03,0.02,0.02,0.02,0.02,^,-3.2%,-2.5%,♦
Other South America,0.01,0.02,0.03,0.03,0.03,0.03,0.04,0.04,0.04,0.04,0.04,0.04,0.04,0.04,0.04,0.06,0.05,0.06,0.07,0.08,0.11,0.20,0.26,0.27,0.31,0.37,0.39,0.39,0.43,0.49,0.54,0.57,0.64,0.67,0.65,0.68,0.62,0.65,0.67,0.63,0.63,0.63,0.67,0.65,0.64,0.66,0.67,0.68,0.71,0.67,0.65,0.72,0.68,0.67,0.59,0.52,0.48,0.5,6.7%,-3.0%,1.2%
Total S. & Cent. America,0.44,0.49,0.52,0.55,0.59,0.70,0.78,0.88,0.99,1.14,1.23,1.38,1.52,1.68,1.91,2.14,2.18,2.34,2.52,2.78,3.02,3.26,3.48,3.61,3.70,3.84,4.10,4.17,4.51,4.77,4.94,5.13,5.42,5.54,5.56,5.86,5.46,5.69,5.90,6.06,6.38,6.63,6.81,6.82,6.95,6.93,7.30,7.13,6.87,6.62,6.43,6.55,6.72,6.83,6.70,6.59,6.30,7.0,11.2%,-0.2%,17.2%
,,,,,,,,,,,,,,,,,,,,,,,,,,,,,,,,,,,,,,,,,,,,,,,,,,,,,,,,,,,,,
Austria,0.17,0.18,0.19,0.19,0.18,0.23,0.18,0.18,0.20,0.24,0.25,0.22,0.27,0.27,0.30,0.31,0.33,0.33,0.33,0.29,0.33,0.33,0.38,0.38,0.37,0.34,0.33,0.37,0.39,0.38,0.39,0.36,0.38,0.40,0.43,0.45,0.43,0.42,0.35,0.38,0.38,0.37,0.38,0.39,0.41,0.38,0.34,0.43,0.41,0.40,0.36,0.39,0.37,0.36,0.39,0.40,0.37,0.3,-8.6%,-2.6%,0.8%
Belgium,^,^,^,^,^,^,^,^,^,^,^,^,^,^,^,^,^,^,^,^,^,^,^,^,^,^,^,^,^,^,^,^,^,^,^,^,^,^,^,^,^,^,^,^,^,^,^,^,^,^,^,^,^,^,^,^,^,^,-24.8%,-1.7%,♦
Bulgaria,0.02,0.02,0.02,0.01,0.02,0.02,0.02,0.02,0.03,0.02,0.03,0.03,0.04,0.03,0.04,0.04,0.04,0.03,0.04,0.03,0.02,0.02,0.03,0.03,0.03,0.02,0.03,0.02,0.02,0.02,0.02,0.03,0.03,0.03,0.03,0.03,0.02,0.02,0.03,0.03,0.04,0.04,0.03,0.03,0.03,0.05,0.03,0.03,0.04,0.04,0.05,0.04,0.03,0.05,0.03,0.03,0.05,^,-22.1%,1.1%,0.1%
Croatia,-,-,-,-,-,-,-,-,-,-,-,-,-,-,-,-,-,-,-,-,-,-,-,-,-,0.04,0.06,0.05,0.05,0.06,0.06,0.08,0.06,0.06,0.08,0.07,0.08,0.06,0.06,0.08,0.07,0.07,0.05,0.06,0.07,0.09,0.05,0.05,0.08,0.09,0.06,0.07,0.05,0.07,0.06,0.05,0.07,0.1,-24.2%,0.6%,0.1%
Cyprus,-,-,-,-,-,-,-,-,-,-,-,-,-,-,-,-,-,-,-,-,-,-,-,-,-,-,-,-,-,-,-,-,-,-,-,-,-,-,-,-,-,-,-,-,-,-,-,-,-,-,-,-,-,-,-,-,-,-,-,-,♦
Czech Republic,0.02,0.02,0.02,0.02,0.01,0.02,0.01,0.01,0.01,0.02,0.02,0.02,0.02,0.02,0.02,0.03,0.02,0.02,0.02,0.01,0.02,0.02,0.03,0.02,0.02,0.01,0.01,0.01,0.01,0.02,0.02,0.02,0.02,0.01,0.02,0.02,0.02,0.03,0.01,0.02,0.02,0.03,0.02,0.02,0.02,0.03,0.02,0.02,0.03,0.02,0.02,0.02,0.02,0.02,0.02,0.02,0.02,^,-13.4%,-0.7%,♦
Denmark,^,^,^,^,^,^,^,^,^,^,^,^,^,^,^,^,^,^,^,^,^,^,^,^,^,^,^,^,^,^,^,^,^,^,^,^,^,^,^,^,^,^,^,^,^,^,^,^,^,^,^,^,^,^,^,^,^,^,-10.4%,-2.2%,♦
Estonia,-,-,-,-,-,-,-,-,-,-,-,-,-,-,-,-,-,-,-,-,-,-,-,-,-,-,-,-,-,-,-,-,-,-,^,^,^,^,^,^,^,^,^,^,^,^,^,^,^,^,^,^,^,^,^,^,^,^,1.5%,-6.1%,♦
Finland,0.10,0.11,0.12,0.11,0.09,0.10,0.11,0.11,0.11,0.14,0.13,0.10,0.13,0.10,0.12,0.11,0.15,0.14,0.14,0.14,0.13,0.13,0.15,0.14,0.14,0.12,0.14,0.16,0.14,0.13,0.14,0.13,0.13,0.16,0.14,0.16,0.14,0.11,0.10,0.16,0.14,0.12,0.14,0.17,0.13,0.13,0.12,0.17,0.13,0.13,0.16,0.15,0.14,0.13,0.12,0.15,0.15,0.1,-13.8%,-2.6%,0.3%
France,0.50,0.56,0.48,0.54,0.56,0.60,0.52,0.52,0.51,0.60,0.64,0.52,0.81,0.73,0.71,0.74,0.77,0.75,0.74,0.70,0.66,0.67,0.75,0.81,0.50,0.57,0.61,0.73,0.69,0.84,0.78,0.70,0.68,0.66,0.77,0.71,0.79,0.63,0.62,0.62,0.53,0.58,0.59,0.64,0.57,0.63,0.45,0.58,0.70,0.61,0.53,0.58,0.47,0.61,0.53,0.58,0.55,0.4,-24.3%,-3.2%,1.0%
Germany,0.17,0.19,0.18,0.18,0.15,0.19,0.14,0.14,0.16,0.19,0.18,0.15,0.19,0.20,0.20,0.20,0.21,0.21,0.20,0.20,0.19,0.20,0.22,0.21,0.19,0.18,0.17,0.20,0.20,0.21,0.23,0.20,0.20,0.20,0.22,0.27,0.25,0.25,0.19,0.22,0.20,0.21,0.22,0.21,0.19,0.21,0.18,0.21,0.23,0.19,0.18,0.20,0.19,0.17,0.19,0.17,0.19,0.2,-11.3%,-2.6%,0.4%
Greece,0.01,0.02,0.02,0.01,0.02,0.03,0.03,0.03,0.02,0.02,0.02,0.02,0.02,0.03,0.04,0.04,0.04,0.04,0.02,0.03,0.03,0.03,0.03,0.03,0.02,0.02,0.03,0.02,0.02,0.03,0.04,0.05,0.04,0.04,0.05,0.04,0.02,0.03,0.05,0.05,0.05,0.06,0.03,0.03,0.05,0.07,0.04,0.04,0.06,0.04,0.06,0.05,0.04,0.05,0.04,0.03,0.06,^,-23.2%,-0.2%,0.1%
Hungary,^,^,^,^,^,^,^,^,^,^,^,^,^,^,^,^,^,^,^,^,^,^,^,^,^,^,^,^,^,^,^,^,^,^,^,^,^,^,^,^,^,^,^,^,^,^,^,^,^,^,^,^,^,^,^,^,^,^,-17.2%,-2.4%,♦
Iceland,0.01,0.01,0.01,0.01,0.01,0.02,0.02,0.02,0.02,0.02,0.02,0.03,0.03,0.03,0.03,0.03,0.03,0.04,0.04,0.04,0.04,0.04,0.04,0.04,0.04,0.04,0.04,0.05,0.05,0.05,0.05,0.05,0.06,0.06,0.06,0.07,0.07,0.07,0.07,0.07,0.07,0.07,0.09,0.13,0.12,0.13,0.12,0.12,0.13,0.13,0.13,0.13,0.13,0.13,0.13,0.12,0.13,0.1,2.3%,0.9%,0.3%
Ireland,0.01,0.01,0.01,0.01,0.01,0.01,^,0.01,0.01,0.01,0.01,0.01,0.01,0.01,0.01,0.01,0.01,0.01,0.01,0.01,0.01,0.01,0.01,0.01,0.01,0.01,0.01,0.01,0.01,0.01,0.01,0.01,0.01,0.01,0.01,0.01,0.01,0.01,0.01,0.01,0.01,0.01,0.01,0.01,0.01,0.01,0.01,0.01,0.01,0.01,0.01,0.01,0.01,0.01,0.01,0.01,0.01,^,-6.0%,-1.8%,♦
Italy,0.45,0.47,0.45,0.45,0.44,0.43,0.42,0.44,0.40,0.40,0.44,0.42,0.54,0.48,0.49,0.48,0.46,0.44,0.44,0.45,0.44,0.44,0.42,0.43,0.36,0.34,0.45,0.45,0.44,0.48,0.40,0.45,0.44,0.44,0.48,0.47,0.50,0.42,0.38,0.44,0.37,0.38,0.33,0.42,0.49,0.51,0.46,0.41,0.52,0.57,0.44,0.41,0.35,0.47,0.44,0.45,0.43,0.3,-38.2%,-4.4%,0.6%
Latvia,-,-,-,-,-,-,-,-,-,-,-,-,-,-,-,-,-,-,-,-,0.03,0.03,0.04,0.03,0.04,0.05,0.03,0.03,0.03,0.04,0.03,0.02,0.03,0.05,0.03,0.03,0.03,0.03,0.02,0.03,0.03,0.03,0.03,0.03,0.03,0.04,0.03,0.04,0.03,0.02,0.02,0.02,0.04,0.02,0.02,0.02,0.03,^,1.2%,-3.4%,0.1%
Lithuania,-,-,-,-,-,-,-,-,-,-,-,-,-,-,-,-,-,-,-,-,^,^,^,^,^,^,^,^,^,^,^,^,^,^,^,^,^,^,^,^,^,^,^,^,^,0.01,^,^,0.01,^,^,^,0.01,^,^,^,^,^,21.2%,0.5%,♦
Luxembourg,^,^,^,^,^,^,^,^,^,^,^,^,^,^,^,^,^,^,^,^,^,^,^,^,^,^,^,^,^,^,^,^,^,^,^,^,^,^,^,^,^,^,^,^,^,^,^,^,^,^,^,^,^,^,^,^,^,^,-35.5%,-3.9%,♦
Netherlands,-,-,-,-,-,-,-,-,-,-,-,-,-,-,-,-,-,-,-,-,^,^,^,^,^,^,^,^,^,^,^,^,^,^,^,^,^,^,^,^,^,^,^,^,^,^,^,^,^,^,^,^,^,^,^,^,^,^,-43.4%,-7.5%,♦
North Macedonia,-,-,-,-,-,-,-,-,-,-,-,-,-,-,-,-,-,-,-,-,-,-,-,-,-,0.01,0.01,0.01,0.01,0.01,0.01,0.01,0.01,0.01,0.01,0.01,0.01,0.01,0.01,0.02,0.02,0.02,0.01,0.01,0.01,0.02,0.01,0.01,0.02,0.01,0.02,0.02,0.01,0.02,0.01,0.01,0.01,^,-7.7%,2.1%,♦
Norway,0.53,0.52,0.57,0.64,0.61,0.62,0.67,0.72,0.78,0.82,0.82,0.87,0.77,0.86,0.94,0.89,0.99,0.98,1.13,1.13,1.09,1.02,1.10,1.16,1.26,1.29,1.17,1.24,1.27,1.19,1.29,1.11,1.17,1.23,1.29,1.51,1.27,1.36,1.10,1.13,1.40,1.22,1.36,1.41,1.26,1.17,1.19,1.40,1.26,1.32,1.33,1.38,1.36,1.32,1.19,1.33,1.35,1.2,-11.3%,-1.5%,2.9%
Poland,0.01,0.01,0.01,0.01,0.01,0.02,0.02,0.02,0.02,0.02,0.02,0.02,0.02,0.02,0.02,0.03,0.02,0.02,0.02,0.01,0.02,0.02,0.02,0.02,0.02,0.02,0.02,0.02,0.02,0.02,0.02,0.02,0.02,0.02,0.02,0.02,0.02,0.02,0.02,0.02,0.02,0.02,0.02,0.02,0.02,0.03,0.02,0.02,0.02,0.02,0.02,0.02,0.02,0.02,0.02,0.02,0.02,^,-16.2%,-0.8%,♦
Portugal,0.04,0.06,0.06,0.06,0.07,0.06,0.07,0.08,0.08,0.08,0.07,0.05,0.11,0.12,0.12,0.09,0.05,0.07,0.09,0.10,0.11,0.09,0.10,0.13,0.06,0.10,0.10,0.05,0.09,0.11,0.09,0.16,0.14,0.14,0.08,0.12,0.15,0.08,0.16,0.10,0.05,0.11,0.10,0.07,0.08,0.16,0.11,0.06,0.13,0.15,0.08,0.15,0.06,0.12,0.08,0.11,0.11,0.1,-45.6%,1.0%,0.2%
Romania,0.01,0.01,0.02,0.02,0.02,0.03,0.05,0.08,0.08,0.09,0.10,0.09,0.10,0.11,0.12,0.13,0.14,0.13,0.11,0.12,0.14,0.12,0.12,0.16,0.15,0.12,0.16,0.12,0.14,0.14,0.18,0.17,0.19,0.20,0.19,0.16,0.16,0.17,0.14,0.17,0.21,0.19,0.16,0.17,0.16,0.20,0.15,0.12,0.15,0.18,0.16,0.17,0.14,0.17,0.15,0.15,0.16,0.1,-20.9%,0.9%,0.3%
Slovakia,0.02,0.02,0.02,0.02,0.01,0.02,0.02,0.02,0.01,0.02,0.02,0.02,0.03,0.02,0.02,0.02,0.02,0.02,0.02,0.02,0.02,0.02,0.02,0.02,0.02,0.02,0.01,0.02,0.04,0.05,0.05,0.04,0.04,0.05,0.05,0.05,0.05,0.06,0.04,0.04,0.05,0.05,0.05,0.04,0.04,0.05,0.04,0.04,0.05,0.04,0.04,0.04,0.04,0.03,0.04,0.04,0.04,^,-16.5%,-1.9%,0.1%
Slovenia,-,-,-,-,-,-,-,-,-,-,-,-,-,-,-,-,-,-,-,-,-,-,-,-,-,0.03,0.04,0.04,0.03,0.04,0.03,0.04,0.03,0.04,0.04,0.04,0.04,0.03,0.03,0.04,0.04,0.04,0.03,0.04,0.05,0.05,0.04,0.04,0.05,0.06,0.04,0.04,0.04,0.04,0.04,0.05,0.04,^,-33.4%,-2.6%,0.1%
Spain,0.21,0.29,0.24,0.26,0.33,0.30,0.34,0.38,0.31,0.33,0.28,0.22,0.42,0.43,0.49,0.31,0.23,0.28,0.29,0.34,0.33,0.28,0.29,0.38,0.21,0.27,0.29,0.20,0.26,0.30,0.25,0.42,0.37,0.36,0.24,0.31,0.43,0.24,0.43,0.33,0.18,0.27,0.28,0.24,0.26,0.42,0.30,0.20,0.36,0.38,0.27,0.35,0.18,0.33,0.21,0.29,0.28,0.2,-38.7%,-1.7%,0.4%
Sweden,0.49,0.48,0.52,0.52,0.45,0.44,0.55,0.57,0.64,0.61,0.61,0.58,0.57,0.61,0.65,0.63,0.64,0.59,0.68,0.72,0.76,0.65,0.76,0.74,0.76,0.77,0.67,0.79,0.79,0.63,0.72,0.55,0.74,0.80,0.76,0.84,0.84,0.70,0.56,0.63,0.75,0.63,0.67,0.70,0.66,0.67,0.67,0.78,0.60,0.62,0.73,0.60,0.62,0.59,0.62,0.68,0.70,0.7,-5.8%,-1.7%,1.6%
Switzerland,0.26,0.29,0.32,0.31,0.30,0.31,0.31,0.26,0.28,0.30,0.34,0.28,0.37,0.34,0.32,0.36,0.37,0.38,0.37,0.32,0.34,0.35,0.37,0.38,0.32,0.32,0.34,0.35,0.38,0.42,0.37,0.31,0.36,0.36,0.43,0.39,0.44,0.37,0.36,0.35,0.32,0.32,0.36,0.36,0.36,0.36,0.32,0.38,0.38,0.37,0.37,0.33,0.33,0.33,0.36,0.35,0.34,0.3,-19.4%,-3.1%,0.7%
Turkey,0.02,0.02,0.03,0.03,0.04,0.03,0.03,0.03,0.03,0.04,0.06,0.09,0.09,0.10,0.11,0.12,0.13,0.15,0.12,0.14,0.13,0.13,0.20,0.31,0.19,0.25,0.24,0.28,0.36,0.33,0.38,0.43,0.42,0.45,0.37,0.33,0.25,0.35,0.37,0.48,0.41,0.45,0.36,0.34,0.36,0.52,0.52,0.57,0.58,0.40,0.65,0.65,0.56,0.57,0.84,0.74,0.53,0.6,19.7%,1.0%,1.6%
Ukraine,-,-,-,-,-,-,-,-,-,-,-,-,-,-,-,-,-,-,-,-,0.11,0.11,0.10,0.13,0.11,0.11,0.12,0.08,0.12,0.13,0.11,0.09,0.10,0.17,0.15,0.12,0.13,0.10,0.10,0.12,0.13,0.13,0.10,0.12,0.12,0.13,0.11,0.10,0.14,0.08,0.05,0.07,0.09,0.10,0.06,0.07,0.10,0.1,6.1%,0.1%,0.3%
United Kingdom,0.05,0.05,0.05,0.04,0.03,0.05,0.04,0.04,0.04,0.04,0.04,0.05,0.04,0.04,0.05,0.04,0.05,0.05,0.05,0.05,0.04,0.05,0.04,0.05,0.05,0.05,0.05,0.06,0.05,0.05,0.05,0.04,0.05,0.05,0.06,0.05,0.04,0.05,0.03,0.05,0.05,0.05,0.05,0.05,0.05,0.04,0.06,0.05,0.05,0.06,0.06,0.05,0.06,0.05,0.06,0.06,0.05,^,-3.6%,-0.5%,0.1%
Other Europe,0.10,0.11,0.12,0.13,0.16,0.16,0.18,0.20,0.19,0.24,0.22,0.24,0.28,0.30,0.31,0.34,0.30,0.29,0.27,0.31,0.35,0.40,0.41,0.41,0.38,0.25,0.30,0.26,0.24,0.27,0.27,0.34,0.31,0.31,0.33,0.30,0.29,0.29,0.28,0.32,0.33,0.31,0.25,0.28,0.32,0.41,0.27,0.27,0.35,0.32,0.31,0.34,0.28,0.37,0.31,0.28,0.38,0.3,-16.6%,1.5%,0.8%
Total Europe,3.22,3.46,3.45,3.58,3.52,3.68,3.72,3.87,3.93,4.25,4.34,4.01,4.86,4.85,5.10,4.95,5.01,4.96,5.11,5.16,5.35,5.17,5.63,6.03,5.25,5.35,5.46,5.64,5.86,5.93,6.01,5.83,6.05,6.32,6.37,6.58,6.47,5.93,5.54,5.92,5.89,5.76,5.74,6.00,5.93,6.50,5.66,6.18,6.49,6.28,6.18,6.30,5.62,6.16,5.96,6.25,6.17,5.3,-13.7%,-1.5%,13.1%
,,,,,,,,,,,,,,,,,,,,,,,,,,,,,,,,,,,,,,,,,,,,,,,,,,,,,,,,,,,,,
Azerbaijan,-,-,-,-,-,-,-,-,-,-,-,-,-,-,-,-,-,-,-,-,0.01,0.01,0.01,0.01,0.01,0.02,0.02,0.02,0.03,0.02,0.02,0.02,0.02,0.02,0.02,0.02,0.01,0.02,0.03,0.03,0.03,0.03,0.02,0.02,0.02,0.03,0.03,0.02,0.01,0.01,0.02,0.02,0.02,0.02,0.01,0.01,0.01,^,24.4%,-1.8%,♦
Belarus,-,-,-,-,-,-,-,-,-,-,-,-,-,-,-,-,-,-,-,-,^,^,^,^,^,^,^,^,^,^,^,^,^,^,^,^,^,^,^,^,^,^,^,^,^,^,^,^,^,^,^,^,^,^,^,^,^,^,-0.4%,16.3%,♦
Kazakhstan,-,-,-,-,-,-,-,-,-,-,-,-,-,-,-,-,-,-,-,-,0.06,0.05,0.06,0.07,0.08,0.08,0.08,0.07,0.08,0.10,0.09,0.08,0.07,0.07,0.07,0.08,0.09,0.09,0.09,0.08,0.08,0.08,0.08,0.08,0.07,0.08,0.08,0.08,0.08,0.08,0.09,0.11,0.11,0.10,0.09,0.09,0.09,0.1,-0.4%,1.4%,0.2%
Russian Federation,-,-,-,-,-,-,-,-,-,-,-,-,-,-,-,-,-,-,-,-,1.70,1.75,1.73,1.71,1.70,1.78,1.79,1.84,1.86,1.87,1.88,1.64,1.68,1.69,1.71,1.75,1.84,1.70,1.63,1.82,1.78,1.78,1.80,1.67,1.75,1.66,1.62,1.61,1.78,1.69,1.63,1.78,1.77,1.82,1.84,2.01,2.02,1.9,-8.2%,1.4%,4.6%
Turkmenistan,-,-,-,-,-,-,-,-,-,-,-,-,-,-,-,-,-,-,-,-,^,^,^,^,^,^,^,^,^,^,^,^,^,^,^,^,^,^,^,^,^,^,^,^,^,^,^,^,^,^,^,^,^,^,^,^,^,^,-0.4%,5.7%,♦
USSR,0.87,0.98,0.94,1.11,1.23,1.32,1.34,1.31,1.30,1.41,1.34,1.44,1.56,1.81,1.83,1.96,1.99,1.86,1.92,2.16,-,-,-,-,-,-,-,-,-,-,-,-,-,-,-,-,-,-,-,-,-,-,-,-,-,-,-,-,-,-,-,-,-,-,-,-,-,-,-,-,♦
Uzbekistan,-,-,-,-,-,-,-,-,-,-,-,-,-,-,-,-,-,-,-,-,0.06,0.05,0.07,0.08,0.06,0.07,0.06,0.07,0.08,0.08,0.07,0.07,0.06,0.06,0.06,0.06,0.06,0.07,0.07,0.07,0.07,0.06,0.07,0.04,0.07,0.08,0.06,0.06,0.06,0.06,0.06,0.07,0.08,0.06,0.06,0.05,0.05,^,5.7%,-2.3%,0.1%
Other CIS,-,-,-,-,-,-,-,-,-,-,-,-,-,-,-,-,-,-,-,-,0.24,0.22,0.22,0.31,0.28,0.31,0.30,0.30,0.33,0.34,0.30,0.31,0.28,0.28,0.31,0.31,0.30,0.29,0.33,0.34,0.34,0.33,0.34,0.29,0.29,0.31,0.33,0.33,0.32,0.31,0.29,0.30,0.32,0.34,0.34,0.33,0.33,0.3,-3.0%,-0.5%,0.8%
Total CIS,0.87,0.98,0.94,1.11,1.23,1.32,1.34,1.31,1.30,1.41,1.34,1.44,1.56,1.81,1.83,1.96,1.99,1.86,1.92,2.16,2.07,2.08,2.10,2.18,2.12,2.25,2.25,2.30,2.37,2.41,2.35,2.12,2.11,2.11,2.16,2.22,2.30,2.18,2.15,2.34,2.30,2.27,2.31,2.10,2.19,2.17,2.11,2.10,2.25,2.16,2.09,2.27,2.30,2.33,2.36,2.49,2.50,2.3,-6.8%,1.0%,5.7%
,,,,,,,,,,,,,,,,,,,,,,,,,,,,,,,,,,,,,,,,,,,,,,,,,,,,,,,,,,,,,
Iran,0.02,0.02,0.02,0.02,0.02,0.03,0.03,0.04,0.03,0.03,0.04,0.04,0.04,0.07,0.06,0.06,0.06,0.07,0.07,0.06,0.06,0.08,0.08,0.09,0.07,0.08,0.06,0.10,0.11,0.07,0.09,0.09,0.06,0.08,0.05,0.04,0.04,0.08,0.10,0.12,0.15,0.19,0.18,0.08,0.07,0.10,0.11,0.12,0.14,0.14,0.13,0.15,0.17,0.09,0.32,0.22,0.14,0.1,-50.1%,-5.5%,0.2%
Iraq,^,^,^,^,^,^,^,^,^,^,^,^,0.01,0.01,0.01,0.01,0.01,0.01,0.01,0.01,0.01,0.01,0.03,0.03,0.03,0.05,0.02,0.06,0.07,0.07,0.08,0.07,0.07,0.07,0.04,0.03,0.04,0.05,0.05,0.06,0.05,0.05,0.05,0.03,0.03,0.04,0.03,0.04,0.05,0.03,0.02,0.03,0.02,0.02,0.05,0.04,0.03,^,-1.9%,-3.3%,0.1%
Israel,-,-,-,-,-,-,-,-,-,-,-,-,-,-,-,-,^,^,^,^,^,^,^,^,^,^,^,^,^,^,^,^,^,^,^,^,^,^,^,^,^,^,^,^,^,^,^,^,^,^,^,^,^,^,^,^,^,^,-1.7%,-3.8%,♦
Kuwait,-,-,-,-,-,-,-,-,-,-,-,-,-,-,-,-,-,-,-,-,-,-,-,-,-,-,-,-,-,-,-,-,-,-,-,-,-,-,-,-,-,-,-,-,-,-,-,-,-,-,-,-,-,-,-,-,-,-,-,-,♦
Oman,-,-,-,-,-,-,-,-,-,-,-,-,-,-,-,-,-,-,-,-,-,-,-,-,-,-,-,-,-,-,-,-,-,-,-,-,-,-,-,-,-,-,-,-,-,-,-,-,-,-,-,-,-,-,-,-,-,-,-,-,♦
Qatar,-,-,-,-,-,-,-,-,-,-,-,-,-,-,-,-,-,-,-,-,-,-,-,-,-,-,-,-,-,-,-,-,-,-,-,-,-,-,-,-,-,-,-,-,-,-,-,-,-,-,-,-,-,-,-,-,-,-,-,-,♦
Saudi Arabia,-,-,-,-,-,-,-,-,-,-,-,-,-,-,-,-,-,-,-,-,-,-,-,-,-,-,-,-,-,-,-,-,-,-,-,-,-,-,-,-,-,-,-,-,-,-,-,-,-,-,-,-,-,-,-,-,-,-,-,-,♦
United Arab Emirates,-,-,-,-,-,-,-,-,-,-,-,-,-,-,-,-,-,-,-,-,-,-,-,-,-,-,-,-,-,-,-,-,-,-,-,-,-,-,-,-,-,-,-,-,-,-,-,-,-,-,-,-,-,-,-,-,-,-,-,-,♦
Other Middle East,0.01,0.01,0.01,0.01,0.01,0.01,0.01,0.01,0.01,0.01,0.02,0.02,0.03,0.03,0.03,0.04,0.04,0.04,0.04,0.04,0.04,0.04,0.04,0.04,0.04,0.03,0.03,0.04,0.04,0.04,0.03,0.04,0.04,0.04,0.03,0.04,0.04,0.04,0.04,0.06,0.05,0.05,0.04,0.03,0.03,0.03,0.04,0.04,0.04,0.03,0.01,0.01,0.01,0.01,0.02,0.02,0.02,^,-0.1%,-10.1%,♦
Total Middle East,0.02,0.03,0.03,0.03,0.04,0.04,0.04,0.05,0.04,0.05,0.06,0.07,0.08,0.10,0.10,0.10,0.11,0.11,0.11,0.11,0.11,0.12,0.15,0.15,0.13,0.16,0.12,0.19,0.21,0.18,0.20,0.20,0.17,0.18,0.13,0.11,0.12,0.18,0.19,0.24,0.25,0.29,0.27,0.14,0.12,0.17,0.18,0.21,0.23,0.19,0.16,0.19,0.20,0.12,0.39,0.28,0.19,0.1,-37.9%,-5.8%,0.3%
,,,,,,,,,,,,,,,,,,,,,,,,,,,,,,,,,,,,,,,,,,,,,,,,,,,,,,,,,,,,,
Algeria,^,^,^,0.01,^,0.01,^,0.01,0.01,0.01,^,^,^,^,^,^,^,0.01,^,^,0.01,^,0.01,^,^,^,^,^,^,^,^,^,^,^,^,^,^,^,^,^,0.01,^,^,^,^,^,^,^,^,^,^,^,^,^,^,^,^,^,722.6%,-15.4%,♦
Egypt,0.02,0.02,0.02,0.03,0.04,0.05,0.05,0.05,0.05,0.07,0.07,0.09,0.10,0.11,0.10,0.10,0.11,0.11,0.10,0.10,0.10,0.10,0.10,0.09,0.10,0.11,0.11,0.10,0.11,0.11,0.12,0.12,0.13,0.13,0.14,0.15,0.15,0.15,0.14,0.13,0.13,0.13,0.14,0.15,0.14,0.13,0.13,0.13,0.13,0.13,0.13,0.13,0.12,0.12,0.13,0.14,0.13,0.1,-3.8%,0.1%,0.3%
Morocco,0.01,0.01,0.01,0.01,0.01,0.01,0.02,0.02,0.01,0.01,0.01,0.01,0.01,0.02,0.02,0.02,0.01,0.01,0.01,^,0.01,0.01,0.01,0.01,0.01,0.01,0.01,0.01,^,0.01,0.01,0.02,0.02,0.02,0.01,0.01,0.01,0.01,0.02,0.02,0.01,0.01,0.01,0.01,0.03,0.03,0.02,0.02,0.03,0.02,0.02,0.01,0.01,0.02,0.01,0.01,0.01,^,-57.4%,-14.7%,♦
South Africa,^,^,^,^,^,^,^,0.01,0.01,0.01,0.01,0.02,0.02,0.02,0.01,0.01,0.02,0.01,0.01,0.01,0.01,0.02,0.02,0.03,0.03,0.01,0.02,0.01,^,0.01,0.01,0.01,0.02,0.02,0.01,0.01,0.02,0.02,0.01,0.01,0.01,0.03,0.03,0.01,0.01,0.01,0.03,0.01,0.01,0.02,0.01,0.01,0.01,0.01,0.01,0.01,0.02,^,53.1%,11.2%,0.1%
Eastern Africa,0.06,0.08,0.07,0.08,0.08,0.12,0.09,0.12,0.12,0.15,0.16,0.18,0.20,0.19,0.21,0.19,0.20,0.21,0.21,0.20,0.21,0.20,0.17,0.20,0.19,0.23,0.23,0.21,0.22,0.22,0.22,0.22,0.23,0.30,0.31,0.33,0.37,0.40,0.40,0.40,0.42,0.44,0.47,0.46,0.48,0.54,0.55,0.57,0.61,0.64,0.63,0.60,0.62,0.65,0.65,0.69,0.73,0.7,2.6%,2.7%,1.8%
Middle Africa,0.04,0.04,0.04,0.04,0.05,0.05,0.06,0.06,0.06,0.06,0.07,0.06,0.07,0.07,0.07,0.07,0.07,0.08,0.08,0.09,0.10,0.10,0.10,0.10,0.12,0.11,0.11,0.12,0.11,0.10,0.12,0.12,0.11,0.11,0.11,0.12,0.12,0.12,0.13,0.15,0.15,0.16,0.15,0.16,0.16,0.17,0.17,0.17,0.19,0.20,0.20,0.21,0.24,0.27,0.28,0.31,0.30,0.3,0.9%,6.2%,0.7%
Western Africa,0.01,0.01,0.02,0.03,0.04,0.05,0.05,0.06,0.06,0.07,0.07,0.08,0.08,0.07,0.10,0.10,0.10,0.10,0.06,0.05,0.09,0.11,0.10,0.12,0.12,0.13,0.15,0.15,0.15,0.14,0.15,0.16,0.16,0.13,0.15,0.16,0.16,0.17,0.15,0.17,0.17,0.15,0.13,0.15,0.15,0.17,0.17,0.17,0.17,0.17,0.15,0.15,0.18,0.19,0.21,0.21,0.23,0.2,6.4%,3.3%,0.6%
Other Northern Africa,^,^,^,^,^,^,^,^,^,^,^,^,^,^,^,^,^,^,^,^,^,^,^,^,^,^,^,^,^,^,^,^,^,^,^,^,^,^,^,^,^,^,^,^,^,^,^,^,^,^,^,^,^,^,^,^,^,^,-2.1%,-13.3%,♦
Other Southern Africa,^,^,^,^,^,^,^,^,^,^,^,^,^,0.01,0.01,0.01,0.01,0.01,0.01,0.01,0.01,0.01,0.01,0.01,0.01,0.01,0.02,0.01,0.01,0.01,0.01,0.01,0.01,0.01,0.02,0.02,0.02,0.02,0.02,0.02,0.02,0.02,0.02,0.02,0.02,0.02,0.02,0.02,0.02,0.02,0.02,0.02,0.02,0.02,0.02,0.02,0.02,^,-10.1%,-5.0%,♦
Total Africa,0.15,0.17,0.17,0.20,0.24,0.29,0.28,0.32,0.33,0.38,0.40,0.44,0.49,0.49,0.53,0.51,0.53,0.53,0.48,0.47,0.53,0.54,0.52,0.57,0.60,0.61,0.65,0.62,0.60,0.61,0.64,0.66,0.68,0.71,0.75,0.80,0.86,0.89,0.86,0.90,0.92,0.94,0.97,0.98,1.00,1.08,1.10,1.10,1.15,1.21,1.17,1.13,1.20,1.27,1.31,1.40,1.44,1.47,2.5%,3.0%,3.6%
,,,,,,,,,,,,,,,,,,,,,,,,,,,,,,,,,,,,,,,,,,,,,,,,,,,,,,,,,,,,,
Australia,0.08,0.08,0.08,0.08,0.09,0.11,0.12,0.12,0.13,0.15,0.16,0.15,0.14,0.16,0.15,0.14,0.15,0.14,0.13,0.14,0.15,0.15,0.14,0.15,0.15,0.16,0.17,0.17,0.17,0.17,0.17,0.17,0.17,0.17,0.17,0.18,0.17,0.17,0.17,0.16,0.16,0.15,0.13,0.12,0.13,0.14,0.19,0.17,0.19,0.14,0.14,0.17,0.13,0.16,0.13,0.14,0.15,0.16,7.0%,-0.5%,0.4%
Bangladesh,-,-,-,-,-,-,^,^,^,^,^,0.01,^,0.01,0.01,0.01,0.01,0.01,0.01,0.01,0.01,^,0.01,0.01,0.01,0.01,0.01,0.01,0.01,0.01,^,0.01,0.01,0.01,0.01,0.01,0.01,0.01,0.01,0.01,0.01,0.01,0.01,0.01,^,0.01,0.01,0.01,0.01,0.01,0.01,0.01,0.01,0.01,0.01,0.01,0.01,^,13.2%,-0.5%,♦
China,0.24,0.24,0.21,0.24,0.25,0.26,0.31,0.35,0.39,0.44,0.46,0.47,0.49,0.46,0.52,0.62,0.70,0.79,0.92,0.92,0.98,1.01,1.06,1.16,1.26,1.35,1.33,1.39,1.62,1.78,2.03,2.00,2.09,2.12,2.09,2.37,2.93,3.03,2.96,3.67,4.09,4.46,4.94,6.44,6.19,7.11,6.83,8.52,8.92,10.33,10.80,11.11,11.16,11.42,12.08,12.50,12.25,12.23,-0.1%,3.7%,30.1%
China Hong Kong SAR,-,-,-,-,-,-,-,-,-,-,-,-,-,-,-,-,-,-,-,-,-,-,-,-,-,-,-,-,-,-,-,-,-,-,-,-,-,-,-,-,-,-,-,-,-,-,-,-,-,-,-,-,-,-,-,-,-,-,-,-,♦
India,0.20,0.21,0.24,0.28,0.31,0.32,0.36,0.34,0.37,0.35,0.42,0.44,0.48,0.60,0.58,0.59,0.63,0.53,0.51,0.57,0.55,0.56,0.52,0.58,0.67,0.71,0.79,0.75,0.75,0.85,0.81,0.74,0.75,0.89,0.88,0.82,0.76,0.72,0.72,1.04,1.00,1.15,1.25,1.17,1.07,1.09,1.31,1.14,1.29,1.36,1.29,1.24,1.30,1.33,1.54,1.55,1.51,1.64,8.7%,3.7%,4.0%
Indonesia,0.02,0.03,0.03,0.04,0.04,0.04,0.01,0.01,0.02,0.02,0.02,0.01,0.02,0.01,0.01,0.01,0.01,0.01,0.02,0.02,0.03,0.05,0.05,0.05,0.07,0.07,0.08,0.10,0.09,0.08,0.09,0.09,0.06,0.11,0.11,0.11,0.12,0.10,0.09,0.10,0.11,0.10,0.11,0.12,0.11,0.17,0.12,0.13,0.17,0.15,0.13,0.18,0.18,0.21,0.20,0.23,0.23,0.26,10.1%,7.3%,0.6%
Japan,0.81,0.84,0.73,0.78,0.80,0.80,0.90,0.91,0.71,0.88,0.89,0.89,0.78,0.75,0.86,0.94,0.93,0.87,0.90,0.76,0.88,0.86,0.80,0.96,0.98,0.93,1.01,0.85,0.99,0.69,0.84,0.82,0.92,0.95,0.89,0.90,0.86,0.85,0.97,0.95,0.80,0.91,0.76,0.76,0.71,0.88,0.82,0.76,0.78,0.80,0.83,0.77,0.76,0.77,0.70,0.73,0.75,0.70,-6.3%,-0.8%,1.7%
Malaysia,0.01,0.01,0.01,0.01,0.01,0.01,0.01,0.01,0.01,0.01,0.01,0.01,0.01,0.01,0.01,0.01,0.02,0.02,0.02,0.04,0.04,0.04,0.05,0.06,0.06,0.04,0.05,0.05,0.05,0.07,0.07,0.06,0.04,0.05,0.08,0.07,0.06,0.06,0.05,0.06,0.06,0.06,0.06,0.08,0.07,0.06,0.08,0.09,0.12,0.13,0.13,0.19,0.26,0.25,0.25,0.26,0.29,0.31,4.9%,12.8%,0.8%
New Zealand,0.11,0.12,0.12,0.13,0.12,0.13,0.15,0.16,0.16,0.16,0.18,0.16,0.16,0.17,0.20,0.21,0.21,0.19,0.21,0.22,0.21,0.24,0.23,0.24,0.24,0.25,0.24,0.22,0.25,0.28,0.29,0.28,0.25,0.27,0.24,0.26,0.23,0.26,0.25,0.28,0.24,0.24,0.24,0.23,0.24,0.25,0.25,0.23,0.23,0.24,0.24,0.25,0.24,0.25,0.24,0.23,0.23,0.25,8.0%,0.9%,0.6%
Pakistan,0.02,0.02,0.03,0.03,0.04,0.03,0.04,0.04,0.05,0.05,0.05,0.06,0.07,0.08,0.09,0.09,0.10,0.11,0.13,0.13,0.14,0.13,0.17,0.18,0.19,0.18,0.19,0.21,0.23,0.23,0.24,0.26,0.20,0.26,0.23,0.19,0.19,0.21,0.26,0.27,0.32,0.31,0.32,0.28,0.29,0.30,0.30,0.11,0.31,0.32,0.32,0.33,0.29,0.28,0.34,0.38,0.35,0.33,-7.2%,12.0%,0.8%
Philippines,0.02,0.02,0.02,0.02,0.02,0.02,0.02,0.02,0.03,0.02,0.02,0.03,0.02,0.03,0.03,0.04,0.04,0.04,0.04,0.06,0.06,0.06,0.06,0.07,0.07,0.06,0.05,0.05,0.05,0.06,0.07,0.07,0.06,0.05,0.08,0.08,0.08,0.07,0.08,0.09,0.09,0.10,0.09,0.10,0.10,0.08,0.10,0.10,0.10,0.09,0.08,0.08,0.09,0.09,0.08,0.07,0.09,0.10,8.0%,-0.6%,0.2%
Singapore,-,-,-,-,-,-,-,-,-,-,-,-,-,-,-,-,-,-,-,-,-,-,-,-,-,-,-,-,-,-,-,-,-,-,-,-,-,-,-,-,-,-,-,-,-,-,-,-,-,-,-,-,-,-,-,-,-,-,-,-,♦
South Korea,0.01,0.01,0.01,0.01,0.02,0.01,0.01,0.01,0.01,0.02,0.02,0.02,0.01,0.02,0.02,0.02,0.03,0.02,0.02,0.02,0.03,0.03,0.04,0.02,0.03,0.05,0.04,0.03,0.05,0.02,0.03,0.03,0.03,0.05,0.04,0.04,0.02,0.03,0.05,0.04,0.04,0.04,0.04,0.03,0.03,0.04,0.05,0.04,0.04,0.03,0.02,0.03,0.03,0.03,0.03,0.04,0.03,^,15.5%,-1.6%,0.1%
Sri Lanka,^,^,^,0.01,0.01,0.01,0.01,0.01,0.01,0.01,0.01,0.01,0.01,0.01,0.02,0.02,0.02,0.02,0.01,0.02,0.03,0.03,0.02,0.03,0.03,0.03,0.03,0.03,0.04,0.04,0.05,0.03,0.04,0.04,0.04,0.03,0.03,0.03,0.03,0.03,0.04,0.05,0.04,0.04,0.04,0.06,0.05,0.03,0.07,0.04,0.06,0.04,0.04,0.06,0.05,0.05,0.07,0.07,-1.1%,7.5%,0.2%
Taiwan,0.03,0.03,0.03,0.04,0.03,0.03,0.03,0.04,0.04,0.05,0.06,0.05,0.04,0.05,0.05,0.03,0.05,0.05,0.05,0.05,0.06,0.07,0.06,0.05,0.05,0.07,0.04,0.07,0.04,0.05,0.05,0.05,0.06,0.07,0.05,0.05,0.05,0.03,0.03,0.03,0.04,0.04,0.04,0.04,0.04,0.04,0.04,0.06,0.05,0.04,0.04,0.06,0.05,0.04,0.05,0.03,0.03,0.05,67.6%,-0.2%,0.1%
Thailand,0.01,0.01,0.01,0.01,0.01,0.02,0.02,0.02,0.02,0.03,0.04,0.04,0.03,0.02,0.03,0.01,0.03,0.04,0.04,0.04,0.04,0.06,0.04,0.04,0.06,0.05,0.05,0.04,0.04,0.05,0.07,0.08,0.08,0.05,0.04,0.06,0.07,0.08,0.08,0.06,0.06,0.08,0.08,0.07,0.07,0.05,0.08,0.08,0.05,0.05,0.04,0.03,0.04,0.07,0.06,0.04,0.04,0.06,44.8%,-2.9%,0.2%
Vietnam,^,^,^,0.01,0.01,0.01,0.01,^,^,^,0.01,0.01,0.01,0.01,0.01,0.02,0.02,0.02,0.01,0.02,0.02,0.01,0.01,0.02,0.04,0.06,0.07,0.08,0.08,0.10,0.11,0.13,0.12,0.12,0.15,0.15,0.19,0.19,0.20,0.18,0.17,0.20,0.23,0.26,0.30,0.29,0.41,0.53,0.57,0.61,0.55,0.62,0.84,0.80,0.63,0.69,0.72,0.90,25.9%,5.5%,2.2%
Other Asia Pacific,0.11,0.11,0.11,0.11,0.11,0.11,0.11,0.12,0.12,0.12,0.13,0.13,0.13,0.14,0.15,0.15,0.15,0.16,0.16,0.16,0.18,0.19,0.20,0.22,0.23,0.24,0.23,0.22,0.22,0.23,0.23,0.22,0.20,0.20,0.21,0.23,0.24,0.24,0.25,0.26,0.28,0.30,0.33,0.35,0.34,0.41,0.47,0.47,0.55,0.53,0.50,0.58,0.61,0.67,0.62,0.69,0.79,0.85,6.9%,6.0%,2.1%
Total Asia Pacific,1.66,1.73,1.63,1.79,1.85,1.92,2.12,2.18,2.07,2.32,2.47,2.48,2.42,2.52,2.74,2.91,3.08,3.01,3.19,3.19,3.41,3.49,3.48,3.85,4.13,4.25,4.37,4.27,4.69,4.72,5.15,5.04,5.07,5.39,5.33,5.55,6.03,6.08,6.21,7.25,7.50,8.21,8.67,10.09,9.73,10.97,11.10,12.46,13.44,14.86,15.19,15.70,16.04,16.45,17.00,17.63,17.54,17.94,2.3%,3.7%,44.1%
,,,,,,,,,,,,,,,,,,,,,,,,,,,,,,,,,,,,,,,,,,,,,,,,,,,,,,,,,,,,,
Total World,9.83,10.47,10.71,11.28,11.94,12.50,13.06,13.68,13.87,15.24,15.42,15.36,15.88,17.19,18.05,18.43,18.83,19.17,19.99,20.67,21.07,21.35,21.64,22.34,22.22,22.98,23.51,23.51,24.93,25.08,26.44,26.79,27.27,27.48,27.68,28.17,27.27,27.60,27.39,29.22,30.01,30.96,31.28,32.89,32.64,34.27,34.69,35.95,37.17,37.93,37.61,38.69,39.00,39.91,40.27,41.21,40.40,40.68,0.7%,1.2%,100.0%
of which: OECD,7.65,8.08,8.30,8.53,8.93,9.19,9.57,9.99,10.01,10.98,10.99,10.60,10.68,11.44,11.94,11.86,12.04,12.37,12.91,12.95,12.93,12.87,12.89,13.05,12.71,13.12,13.28,13.14,13.95,13.50,14.43,14.81,15.08,14.73,14.87,14.91,13.74,13.90,13.56,13.80,13.83,13.99,13.54,14.02,13.76,14.06,14.34,14.30,14.38,14.09,13.88,14.07,13.96,14.18,13.80,14.13,13.66,13.22,-3.3%,-0.8%,32.5%
                 Non-OECD,2.18,2.39,2.41,2.75,3.01,3.32,3.49,3.69,3.86,4.26,4.43,4.76,5.20,5.74,6.11,6.57,6.79,6.80,7.08,7.72,8.14,8.48,8.75,9.28,9.51,9.86,10.23,10.37,10.97,11.58,12.01,11.98,12.18,12.75,12.82,13.26,13.53,13.70,13.82,15.42,16.18,16.97,17.74,18.88,18.88,20.22,20.35,21.65,22.78,23.84,23.73,24.62,25.05,25.72,26.46,27.08,26.74,27.46,2.7%,2.4%,67.5%
                 European Union #,2.25,2.45,2.37,2.41,2.37,2.50,2.48,2.61,2.59,2.80,2.82,2.46,3.27,3.19,3.34,3.17,3.13,3.08,3.14,3.18,3.24,3.06,3.36,3.55,2.90,3.03,3.17,3.31,3.39,3.49,3.48,3.46,3.57,3.68,3.66,3.79,3.97,3.33,3.20,3.38,3.17,3.19,3.15,3.31,3.32,3.74,3.05,3.26,3.60,3.60,3.25,3.32,2.81,3.26,3.01,3.27,3.27,2.60,-20.6%,-2.3%,6.4%
,,,,,,,,,,,,,,,,,,,,,,,,,,,,,,,,,,,,,,,,,,,,,,,,,,,,,,,,,,,,,
*Based on gross generation and not accounting for cross-border electricity supply. “Input-equivalent” energy is the amount of fuel that would be required by thermal power stations to generate the reported electricity output. ,,,,,,,,,,,,,,,,,,,,,,,,,,,,,,,,,,,,,,,,,,,,,,,,,,,,,,,,,,,,,
Details on thermal efficiency assumptions are available in the appendices and definitions page and at https://www.energyinst.org/statistical-review.,,,,,,,,,,,,,,,,,,,,,,,,,,,,,,,,,,,,,,,,,,,,,,,,,,,,,,,,,,,,,
^ Less than 0.005.,,,,,,,,,,,,,,,,,,,,,,,,,,,,,,,,,,,,,,,,,,,,,,,,,,,,,,,,,,,,,
♦ Less than 0.05%.,,,,,,,,,,,,,,,,,,,,,,,,,,,,,,,,,,,,,,,,,,,,,,,,,,,,,,,,,,,,,
n/a not available.,,,,,,,,,,,,,,,,,,,,,,,,,,,,,,,,,,,,,,,,,,,,,,,,,,,,,,,,,,,,,
"USSR includes CIS, Georgia, Ukraine and the Baltic States.",,,,,,,,,,,,,,,,,,,,,,,,,,,,,,,,,,,,,,,,,,,,,,,,,,,,,,,,,,,,,
"#Excludes Estonia, Latvia and Lithuania prior to 1985 and Croatia and Slovenia prior to 1990.",,,,,,,,,,,,,,,,,,,,,,,,,,,,,,,,,,,,,,,,,,,,,,,,,,,,,,,,,,,,,
Notes: Annual changes and share of total are calculated using exajoules figures.,,,,,,,,,,,,,,,,,,,,,,,,,,,,,,,,,,,,,,,,,,,,,,,,,,,,,,,,,,,,,
