Oil: Consumption*,,,,,,,,,Contents,,,,,,,,,,,,,,,,,,,,,,,,,,,,,,,,,,,,,,,,,,,,,,,,,,,,
,,,,,,,,,,,,,,,,,,,,,,,,,,,,,,,,,,,,,,,,,,,,,,,,,,,,,,,,,,,Growth rate per annum,,Share
Exajoules,1965,1966,1967,1968,1969,1970,1971,1972,1973,1974,1975,1976,1977,1978,1979,1980,1981,1982,1983,1984,1985,1986,1987,1988,1989,1990,1991,1992,1993,1994,1995,1996,1997,1998,1999,2000,2001,2002,2003,2004,2005,2006,2007,2008,2009,2010,2011,2012,2013,2014,2015,2016,2017,2018,2019,2020,2021,2022,2022,2012-22,2022
,,,,,,,,,,,,,,,,,,,,,,,,,,,,,,,,,,,,,,,,,,,,,,,,,,,,,,,,,,,,,
Canada,2.31,2.44,2.60,2.77,2.89,3.08,3.16,3.33,3.63,3.70,3.65,3.74,3.77,3.89,4.04,3.97,3.76,3.41,3.21,3.24,3.25,3.32,3.43,3.61,3.75,3.47,3.29,3.37,3.41,3.49,3.66,3.75,3.87,3.94,4.02,3.99,4.11,4.26,4.42,4.61,4.48,4.52,4.64,4.48,4.37,4.56,4.57,4.63,4.60,4.59,4.60,4.58,4.54,4.68,4.67,3.97,4.11,4.27,3.7%,-1.2%,2.2%
Mexico,0.64,0.67,0.72,0.78,0.83,0.89,0.94,1.06,1.14,1.29,1.42,1.56,1.61,1.82,1.95,2.17,2.38,2.46,2.40,2.54,2.65,2.68,2.81,2.80,3.00,3.30,3.39,3.44,3.41,3.68,3.42,3.47,3.63,3.80,3.77,4.02,3.99,3.78,3.91,4.10,4.41,4.27,4.45,4.59,4.39,4.22,4.28,4.37,4.23,4.04,3.92,4.02,3.93,3.68,3.50,3.02,3.39,4.12,21.3%,-2.5%,2.2%
US,23.09,24.23,25.16,26.85,28.19,29.43,30.46,32.83,34.76,33.38,32.58,35.03,36.98,37.81,36.93,34.03,31.73,30.06,29.92,30.86,30.75,32.24,32.91,34.28,34.26,33.50,32.79,33.47,33.75,34.63,34.55,35.81,36.29,36.90,37.93,38.35,38.29,38.31,38.89,40.31,40.37,39.86,39.61,36.99,35.05,35.61,34.90,34.10,34.66,34.90,35.61,35.86,36.21,37.08,37.02,32.52,35.51,36.15,1.8%,0.4%,19.0%
Total North America,26.05,27.34,28.48,30.40,31.91,33.40,34.57,37.22,39.53,38.36,37.65,40.33,42.36,43.51,42.92,40.17,37.86,35.94,35.53,36.64,36.64,38.24,39.15,40.69,41.01,40.27,39.47,40.28,40.58,41.80,41.63,43.03,43.78,44.64,45.72,46.37,46.38,46.36,47.22,49.02,49.27,48.64,48.70,46.06,43.82,44.38,43.74,43.10,43.49,43.52,44.12,44.47,44.67,45.44,45.19,39.51,43.02,44.53,3.5%,♦,23.4%
,,,,,,,,,,,,,,,,,,,,,,,,,,,,,,,,,,,,,,,,,,,,,,,,,,,,,,,,,,,,-,
Argentina,0.99,1.02,1.05,1.07,1.11,1.00,1.07,1.06,1.07,1.07,1.01,1.04,1.10,1.07,1.15,1.07,1.00,0.95,0.97,0.92,0.86,0.90,0.96,0.97,0.89,0.83,0.87,0.91,0.89,0.94,0.93,0.94,0.99,1.02,1.03,0.95,0.88,0.84,0.86,0.92,0.96,1.01,1.13,1.14,1.09,1.18,1.22,1.30,1.38,1.37,1.40,1.35,1.34,1.28,1.16,1.04,1.29,1.38,6.9%,-0.1%,0.7%
Brazil,0.64,0.70,0.72,0.86,0.95,1.08,1.23,1.40,1.70,1.88,1.94,2.09,2.13,2.33,2.48,2.40,2.32,2.36,2.20,2.20,2.26,2.45,2.51,2.51,2.57,2.59,2.59,2.60,2.71,2.89,3.10,3.32,3.61,3.75,3.76,3.93,3.96,3.88,3.77,3.90,3.97,4.06,4.26,4.43,4.39,4.70,4.87,5.16,5.30,5.51,5.17,4.90,4.95,4.71,4.69,4.42,4.78,5.01,4.7%,-0.8%,2.6%
Chile,0.15,0.16,0.17,0.18,0.19,0.20,0.22,0.23,0.22,0.22,0.19,0.20,0.20,0.22,0.23,0.23,0.23,0.21,0.21,0.20,0.20,0.21,0.22,0.24,0.27,0.29,0.32,0.35,0.38,0.40,0.44,0.47,0.51,0.52,0.52,0.50,0.49,0.50,0.49,0.54,0.56,0.58,0.72,0.76,0.71,0.66,0.68,0.71,0.70,0.70,0.68,0.72,0.73,0.76,0.76,0.69,0.76,0.80,4.7%,0.8%,0.4%
Colombia,0.20,0.24,0.24,0.25,0.24,0.28,0.29,0.34,0.31,0.34,0.30,0.32,0.33,0.32,0.33,0.33,0.33,0.32,0.34,0.32,0.33,0.34,0.36,0.38,0.39,0.41,0.41,0.45,0.46,0.48,0.52,0.55,0.55,0.54,0.49,0.48,0.48,0.47,0.47,0.51,0.50,0.54,0.55,0.54,0.54,0.58,0.61,0.65,0.68,0.72,0.65,0.79,0.78,0.79,0.79,0.67,0.86,0.96,12.0%,2.8%,0.5%
Ecuador,0.03,0.03,0.03,0.04,0.04,0.05,0.05,0.05,0.06,0.07,0.07,0.07,0.09,0.09,0.10,0.13,0.14,0.16,0.14,0.14,0.18,0.18,0.18,0.22,0.22,0.23,0.26,0.26,0.26,0.28,0.27,0.31,0.35,0.35,0.31,0.28,0.29,0.29,0.30,0.31,0.34,0.36,0.37,0.38,0.39,0.45,0.46,0.47,0.50,0.53,0.51,0.48,0.47,0.51,0.49,0.40,0.49,0.53,6.8%,0.4%,0.3%
Peru,0.16,0.20,0.20,0.20,0.19,0.20,0.20,0.17,0.20,0.24,0.25,0.25,0.25,0.25,0.26,0.28,0.29,0.28,0.24,0.25,0.24,0.26,0.29,0.28,0.25,0.25,0.23,0.24,0.25,0.28,0.31,0.32,0.32,0.32,0.33,0.32,0.30,0.30,0.28,0.31,0.31,0.29,0.31,0.34,0.35,0.37,0.40,0.40,0.42,0.41,0.44,0.47,0.48,0.49,0.51,0.39,0.48,0.50,3.8%,1.8%,0.3%
Trinidad & Tobago,0.08,0.08,0.08,0.09,0.09,0.09,0.10,0.15,0.16,0.15,0.12,0.13,0.13,0.12,0.09,0.07,0.07,0.08,0.07,0.06,0.06,0.07,0.04,0.04,0.04,0.05,0.05,0.07,0.06,0.05,0.05,0.06,0.04,0.04,0.08,0.07,0.07,0.08,0.07,0.08,0.07,0.08,0.09,0.10,0.09,0.10,0.09,0.09,0.10,0.09,0.09,0.10,0.09,0.09,0.05,0.05,0.05,0.05,1.4%,-5.6%,♦
Venezuela,0.40,0.40,0.40,0.44,0.44,0.46,0.46,0.50,0.55,0.55,0.59,0.58,0.65,0.68,0.73,0.89,0.94,0.93,0.91,0.85,0.87,0.91,0.86,0.90,0.87,0.88,0.84,1.00,0.90,1.01,0.97,0.79,0.85,0.95,1.12,1.16,1.24,1.33,1.25,1.28,1.35,1.32,1.42,1.40,1.43,1.51,1.46,1.59,1.71,1.52,1.42,1.08,1.00,0.82,0.69,0.40,0.45,0.53,18.4%,-11.9%,0.3%
Central America,0.14,0.15,0.15,0.16,0.16,0.17,0.18,0.19,0.21,0.22,0.24,0.26,0.27,0.28,0.28,0.26,0.25,0.25,0.25,0.25,0.26,0.26,0.28,0.27,0.28,0.29,0.32,0.36,0.38,0.42,0.46,0.45,0.49,0.56,0.56,0.57,0.61,0.61,0.64,0.66,0.65,0.69,0.73,0.74,0.73,0.74,0.76,0.77,0.78,0.80,0.88,0.91,0.94,0.93,1.01,0.86,0.98,1.04,6.5%,2.4%,0.5%
Other Caribbean,0.75,0.78,0.81,0.83,0.85,0.98,1.00,1.07,1.19,1.18,1.15,1.17,1.23,1.26,1.30,1.31,1.34,1.18,1.15,1.21,1.12,1.15,1.19,1.19,1.26,1.24,1.21,1.15,1.17,1.23,1.23,1.27,1.36,1.40,1.33,1.54,1.61,1.59,1.58,1.60,1.61,1.64,1.54,1.48,1.38,1.36,1.34,1.31,1.23,1.23,1.29,1.33,1.28,1.30,1.28,1.10,1.06,1.10,3.6%,-2.1%,0.6%
Other South America,0.13,0.13,0.14,0.14,0.15,0.15,0.16,0.17,0.17,0.16,0.18,0.19,0.19,0.21,0.22,0.22,0.21,0.20,0.18,0.17,0.17,0.17,0.17,0.19,0.19,0.18,0.19,0.21,0.22,0.22,0.26,0.27,0.27,0.27,0.30,0.27,0.25,0.25,0.26,0.28,0.28,0.29,0.31,0.35,0.36,0.36,0.38,0.39,0.40,0.40,0.40,0.43,0.44,0.45,0.46,0.38,0.48,0.48,1.8%,2.1%,0.3%
Total S. & Cent. America,3.67,3.88,3.99,4.25,4.42,4.67,4.95,5.34,5.83,6.08,6.03,6.30,6.57,6.83,7.17,7.19,7.13,6.92,6.65,6.59,6.55,6.88,7.06,7.18,7.23,7.23,7.28,7.59,7.69,8.20,8.56,8.75,9.34,9.74,9.83,10.06,10.18,10.14,9.98,10.39,10.60,10.85,11.42,11.67,11.46,11.97,12.27,12.82,13.19,13.27,12.95,12.58,12.50,12.13,11.88,10.40,11.67,12.37,6.0%,-0.9%,6.5%
,,,,,,,,,,,,,,,,,,,,,,,,,,,,,,,,,,,,,,,,,,,,,,,,,,,,,,,,,,,,-,
Austria,0.24,0.26,0.28,0.32,0.35,0.39,0.43,0.46,0.50,0.45,0.46,0.49,0.47,0.51,0.53,0.52,0.47,0.45,0.43,0.42,0.42,0.44,0.46,0.45,0.45,0.46,0.50,0.49,0.49,0.49,0.49,0.50,0.51,0.53,0.52,0.51,0.55,0.56,0.61,0.60,0.59,0.59,0.56,0.55,0.52,0.55,0.52,0.51,0.53,0.50,0.50,0.52,0.53,0.53,0.55,0.48,0.50,0.48,-2.5%,-0.3%,0.3%
Belgium,0.68,0.69,0.76,0.89,1.02,1.12,1.14,1.24,1.30,1.14,1.09,1.13,1.11,1.19,1.18,1.09,1.00,0.95,0.86,0.83,0.84,0.95,0.96,0.99,0.97,1.00,1.08,1.10,1.08,1.18,1.17,1.27,1.30,1.32,1.27,1.29,1.31,1.32,1.39,1.41,1.40,1.40,1.41,1.48,1.30,1.35,1.26,1.22,1.25,1.22,1.25,1.27,1.29,1.38,1.29,1.11,1.23,1.16,-5.9%,0.1%,0.6%
Bulgaria,0.16,0.18,0.23,0.27,0.33,0.38,0.42,0.44,0.46,0.48,0.51,0.53,0.55,0.56,0.58,0.59,0.53,0.51,0.50,0.48,0.44,0.46,0.45,0.47,0.46,0.43,0.29,0.26,0.28,0.26,0.27,0.25,0.20,0.21,0.19,0.18,0.19,0.19,0.20,0.19,0.21,0.22,0.21,0.21,0.19,0.17,0.16,0.17,0.16,0.17,0.19,0.20,0.20,0.20,0.21,0.19,0.20,0.22,9.8%,1.7%,0.1%
Croatia,-,-,-,-,-,-,-,-,-,-,-,-,-,-,-,-,-,-,-,-,-,-,-,-,-,0.20,0.14,0.14,0.15,0.15,0.17,0.16,0.17,0.19,0.19,0.17,0.17,0.18,0.20,0.19,0.19,0.20,0.20,0.19,0.19,0.16,0.15,0.13,0.13,0.14,0.14,0.14,0.15,0.15,0.14,0.12,0.13,0.14,11.0%,-0.4%,0.1%
Cyprus,0.02,0.02,0.02,0.02,0.03,0.03,0.03,0.04,0.04,0.04,0.03,0.03,0.04,0.04,0.04,0.04,0.04,0.04,0.04,0.05,0.04,0.05,0.06,0.06,0.06,0.07,0.07,0.08,0.08,0.08,0.09,0.09,0.09,0.10,0.10,0.11,0.11,0.11,0.11,0.11,0.12,0.12,0.12,0.13,0.12,0.12,0.12,0.11,0.10,0.10,0.10,0.11,0.11,0.11,0.11,0.09,0.10,0.10,6.2%,-1.3%,0.1%
Czech Republic,0.17,0.19,0.21,0.23,0.25,0.30,0.33,0.36,0.40,0.41,0.45,0.48,0.50,0.52,0.53,0.49,0.48,0.44,0.43,0.46,0.45,0.44,0.44,0.42,0.40,0.36,0.30,0.29,0.29,0.30,0.34,0.36,0.34,0.35,0.35,0.34,0.36,0.35,0.37,0.41,0.43,0.42,0.42,0.42,0.41,0.38,0.39,0.38,0.37,0.39,0.38,0.35,0.42,0.42,0.42,0.37,0.41,0.41,1.7%,0.5%,0.2%
Denmark,0.44,0.50,0.53,0.58,0.70,0.78,0.77,0.81,0.75,0.68,0.67,0.71,0.71,0.71,0.68,0.58,0.55,0.47,0.45,0.44,0.45,0.45,0.41,0.41,0.40,0.39,0.39,0.39,0.41,0.43,0.45,0.49,0.47,0.46,0.45,0.44,0.42,0.41,0.40,0.39,0.37,0.38,0.38,0.37,0.33,0.34,0.33,0.30,0.30,0.30,0.31,0.31,0.30,0.31,0.31,0.25,0.27,0.28,4.1%,-1.0%,0.1%
Estonia,-,-,-,-,-,-,-,-,-,-,-,-,-,-,-,-,-,-,-,-,0.15,0.14,0.15,0.15,0.15,0.15,0.13,0.07,0.07,0.07,0.05,0.06,0.06,0.06,0.05,0.05,0.06,0.06,0.06,0.06,0.06,0.06,0.07,0.06,0.06,0.06,0.06,0.07,0.07,0.06,0.06,0.06,0.06,0.06,0.06,0.06,0.06,0.05,-7.9%,-1.8%,♦
Finland,0.24,0.29,0.31,0.35,0.41,0.46,0.47,0.50,0.56,0.49,0.51,0.54,0.53,0.54,0.57,0.55,0.52,0.48,0.45,0.46,0.46,0.48,0.48,0.47,0.47,0.48,0.48,0.47,0.45,0.47,0.42,0.44,0.43,0.45,0.46,0.46,0.45,0.46,0.47,0.44,0.46,0.44,0.45,0.43,0.41,0.42,0.41,0.40,0.41,0.39,0.39,0.41,0.40,0.40,0.39,0.35,0.33,0.33,1.5%,-1.8%,0.2%
France,2.29,2.46,2.83,3.06,3.54,4.02,4.38,4.86,5.42,5.15,4.71,5.09,4.89,5.10,5.07,4.71,4.25,3.94,3.85,3.71,3.65,3.72,3.74,3.72,3.82,3.88,4.11,4.10,3.95,3.82,3.85,3.94,3.96,4.11,4.17,4.10,4.12,4.01,4.01,4.05,3.99,3.98,3.88,3.81,3.66,3.53,3.45,3.34,3.29,3.19,3.19,3.17,3.18,3.17,3.14,2.68,2.92,2.91,-0.2%,-1.3%,1.5%
Germany,3.67,4.11,4.27,4.79,5.39,5.92,6.17,6.51,6.94,6.29,6.11,6.61,6.52,6.81,7.02,6.35,5.76,5.45,5.34,5.32,5.48,5.78,5.62,5.63,5.29,5.53,5.79,5.84,5.93,5.88,5.87,5.97,5.94,5.94,5.76,5.65,5.73,5.54,5.43,5.37,5.26,5.25,4.75,5.04,4.82,4.89,4.73,4.70,4.80,4.67,4.67,4.76,4.87,4.63,4.66,4.22,4.18,4.26,1.9%,-1.2%,2.2%
Greece,0.19,0.21,0.24,0.25,0.26,0.29,0.31,0.36,0.42,0.40,0.42,0.45,0.46,0.50,0.53,0.52,0.51,0.51,0.49,0.50,0.51,0.52,0.56,0.58,0.64,0.67,0.69,0.70,0.71,0.73,0.76,0.79,0.80,0.84,0.82,0.85,0.86,0.87,0.91,0.89,0.90,0.94,0.95,0.91,0.85,0.77,0.74,0.64,0.59,0.59,0.61,0.61,0.63,0.62,0.64,0.52,0.55,0.62,12.5%,-1.6%,0.3%
Hungary,0.16,0.18,0.19,0.19,0.22,0.25,0.28,0.31,0.35,0.38,0.43,0.45,0.48,0.53,0.50,0.49,0.46,0.44,0.42,0.44,0.44,0.41,0.43,0.40,0.39,0.39,0.33,0.36,0.32,0.34,0.32,0.30,0.30,0.32,0.31,0.30,0.29,0.27,0.26,0.28,0.32,0.33,0.33,0.31,0.30,0.28,0.28,0.26,0.25,0.28,0.30,0.30,0.33,0.35,0.35,0.32,0.35,0.35,-0.8%,3.0%,0.2%
Iceland,0.02,0.02,0.02,0.02,0.02,0.02,0.02,0.02,0.03,0.03,0.03,0.03,0.03,0.03,0.03,0.03,0.02,0.02,0.02,0.02,0.02,0.02,0.02,0.03,0.03,0.03,0.03,0.03,0.03,0.03,0.03,0.03,0.03,0.03,0.03,0.03,0.03,0.03,0.03,0.04,0.04,0.04,0.04,0.03,0.03,0.03,0.03,0.03,0.03,0.03,0.04,0.04,0.04,0.05,0.04,0.03,0.03,0.04,36.5%,-1.4%,♦
Ireland,0.10,0.11,0.13,0.14,0.16,0.17,0.19,0.21,0.23,0.23,0.22,0.23,0.24,0.26,0.27,0.24,0.22,0.19,0.17,0.17,0.17,0.21,0.18,0.17,0.17,0.19,0.21,0.22,0.22,0.25,0.25,0.26,0.28,0.31,0.36,0.36,0.38,0.37,0.36,0.38,0.40,0.41,0.40,0.38,0.33,0.32,0.30,0.28,0.29,0.28,0.29,0.31,0.31,0.32,0.32,0.27,0.29,0.32,7.2%,0.4%,0.2%
Italy,2.20,2.42,2.68,2.96,3.26,3.69,3.96,4.16,4.38,4.26,4.00,4.18,4.07,4.27,4.41,4.19,4.10,3.89,3.79,3.62,3.60,3.69,3.84,3.91,4.03,4.06,4.08,4.14,4.03,4.02,4.15,4.08,4.12,4.11,4.08,4.05,3.97,3.98,3.95,3.86,3.74,3.74,3.62,3.41,3.15,3.07,2.98,2.78,2.54,2.42,2.56,2.54,2.57,2.63,2.55,2.11,2.35,2.47,5.2%,-1.7%,1.3%
Latvia,-,-,-,-,-,-,-,-,-,-,-,-,-,-,-,-,-,-,-,-,0.24,0.21,0.17,0.15,0.15,0.14,0.14,0.10,0.09,0.09,0.08,0.08,0.07,0.07,0.07,0.05,0.06,0.06,0.06,0.07,0.07,0.07,0.07,0.07,0.07,0.07,0.07,0.07,0.07,0.07,0.07,0.08,0.08,0.07,0.08,0.07,0.07,0.07,4.3%,0.4%,♦
Lithuania,-,-,-,-,-,-,-,-,-,-,-,-,-,-,-,-,-,-,-,-,0.37,0.31,0.34,0.33,0.33,0.32,0.35,0.18,0.16,0.15,0.14,0.14,0.14,0.16,0.13,0.10,0.12,0.11,0.10,0.11,0.12,0.12,0.12,0.13,0.11,0.11,0.11,0.11,0.11,0.11,0.12,0.13,0.13,0.14,0.14,0.13,0.13,0.13,1.2%,1.8%,0.1%
Luxembourg,0.04,0.04,0.04,0.05,0.05,0.06,0.06,0.06,0.07,0.06,0.06,0.06,0.06,0.06,0.06,0.05,0.04,0.04,0.04,0.04,0.05,0.05,0.06,0.06,0.06,0.07,0.08,0.08,0.08,0.08,0.08,0.08,0.08,0.09,0.09,0.10,0.11,0.11,0.12,0.13,0.13,0.13,0.12,0.13,0.12,0.12,0.13,0.12,0.12,0.11,0.11,0.11,0.12,0.12,0.13,0.10,0.11,0.10,-7.9%,-1.0%,0.1%
Netherlands,1.07,1.16,1.18,1.27,1.39,1.54,1.53,1.70,1.76,1.51,1.48,1.67,1.60,1.64,1.77,1.65,1.54,1.34,1.27,1.26,1.27,1.41,1.42,1.51,1.49,1.54,1.48,1.55,1.54,1.53,1.61,1.61,1.67,1.69,1.73,1.75,1.83,1.84,1.85,1.93,2.05,2.04,2.10,2.00,1.91,2.04,2.04,2.00,1.91,1.87,1.85,1.86,1.87,1.82,1.78,1.69,1.69,1.78,5.4%,-1.7%,0.9%
North Macedonia,-,-,-,-,-,-,-,-,-,-,-,-,-,-,-,-,-,-,-,-,-,-,-,-,-,0.05,0.04,0.04,0.05,0.04,0.03,0.05,0.04,0.04,0.04,0.04,0.03,0.04,0.04,0.04,0.04,0.04,0.04,0.04,0.04,0.04,0.04,0.04,0.04,0.04,0.04,0.05,0.04,0.04,0.05,0.04,0.05,0.05,10.3%,1.3%,♦
Norway,0.22,0.25,0.25,0.28,0.31,0.35,0.35,0.36,0.37,0.33,0.35,0.38,0.38,0.42,0.42,0.40,0.38,0.36,0.35,0.37,0.39,0.41,0.41,0.39,0.39,0.38,0.35,0.36,0.38,0.39,0.38,0.41,0.42,0.42,0.41,0.38,0.43,0.42,0.43,0.42,0.42,0.43,0.43,0.42,0.43,0.44,0.43,0.42,0.44,0.41,0.41,0.40,0.40,0.41,0.39,0.37,0.38,0.36,-5.2%,-1.0%,0.2%
Poland,0.23,0.24,0.26,0.33,0.36,0.38,0.40,0.45,0.50,0.53,0.58,0.64,0.68,0.73,0.74,0.73,0.69,0.65,0.67,0.69,0.70,0.72,0.73,0.75,0.75,0.68,0.65,0.59,0.61,0.64,0.65,0.76,0.79,0.90,0.94,0.87,0.85,0.86,0.88,0.94,0.97,1.05,1.09,1.11,1.10,1.16,1.16,1.11,1.04,1.04,1.09,1.20,1.30,1.33,1.36,1.29,1.35,1.46,7.7%,2.0%,0.8%
Portugal,0.11,0.11,0.12,0.13,0.14,0.19,0.22,0.24,0.26,0.28,0.29,0.31,0.30,0.31,0.34,0.36,0.38,0.40,0.40,0.40,0.39,0.42,0.40,0.42,0.53,0.49,0.51,0.56,0.53,0.53,0.60,0.57,0.61,0.67,0.69,0.68,0.68,0.70,0.66,0.67,0.69,0.61,0.62,0.60,0.55,0.54,0.51,0.46,0.48,0.49,0.48,0.49,0.49,0.49,0.50,0.41,0.42,0.46,8.3%,-0.9%,0.2%
Romania,0.30,0.32,0.36,0.38,0.42,0.46,0.47,0.50,0.56,0.51,0.59,0.65,0.71,0.78,0.83,0.79,0.71,0.70,0.62,0.60,0.64,0.68,0.75,0.71,0.73,0.79,0.66,0.54,0.51,0.47,0.57,0.55,0.57,0.50,0.40,0.42,0.45,0.45,0.40,0.46,0.44,0.44,0.44,0.44,0.39,0.37,0.38,0.38,0.35,0.38,0.38,0.40,0.42,0.43,0.45,0.42,0.44,0.45,1.6%,1.4%,0.2%
Slovakia,0.10,0.11,0.12,0.13,0.14,0.17,0.19,0.21,0.23,0.24,0.26,0.28,0.29,0.30,0.30,0.28,0.28,0.26,0.25,0.27,0.26,0.26,0.25,0.24,0.24,0.21,0.18,0.17,0.14,0.14,0.14,0.15,0.15,0.16,0.15,0.15,0.14,0.15,0.14,0.14,0.17,0.15,0.16,0.17,0.16,0.16,0.16,0.15,0.15,0.14,0.15,0.16,0.18,0.18,0.17,0.17,0.18,0.18,3.2%,1.7%,0.1%
Slovenia,-,-,-,-,-,-,-,-,-,-,-,-,-,-,-,-,-,-,-,-,-,-,-,-,-,0.07,0.07,0.07,0.08,0.09,0.10,0.11,0.11,0.11,0.11,0.10,0.11,0.10,0.10,0.11,0.11,0.11,0.11,0.13,0.11,0.11,0.11,0.11,0.10,0.10,0.10,0.11,0.11,0.11,0.11,0.09,0.10,0.11,16.2%,-1.2%,0.1%
Spain,0.60,0.71,0.86,0.91,1.04,1.18,1.30,1.37,1.65,1.73,1.80,2.04,1.93,1.98,2.10,2.23,2.16,2.04,2.04,1.93,1.85,1.84,1.93,1.98,2.07,2.00,2.05,2.29,2.19,2.30,2.45,2.51,2.61,2.83,2.93,2.97,3.09,3.11,3.19,3.26,3.29,3.31,3.34,3.22,3.02,2.94,2.81,2.62,2.47,2.46,2.54,2.63,2.64,2.69,2.70,2.21,2.42,2.66,9.6%,-0.8%,1.4%
Sweden,0.83,0.93,0.93,1.05,1.13,1.23,1.15,1.19,1.21,1.09,1.09,1.20,1.16,1.40,1.51,1.33,1.20,1.11,0.97,0.92,0.99,1.06,0.91,0.86,0.82,0.82,0.71,0.74,0.73,0.77,0.74,0.79,0.74,0.83,0.80,0.69,0.70,0.71,0.77,0.73,0.73,0.74,0.72,0.68,0.66,0.66,0.61,0.60,0.59,0.58,0.57,0.59,0.58,0.55,0.59,0.53,0.50,0.50,-0.5%,-1.8%,0.3%
Switzerland,0.35,0.37,0.40,0.44,0.48,0.54,0.57,0.59,0.63,0.56,0.54,0.56,0.56,0.58,0.55,0.55,0.51,0.48,0.53,0.51,0.52,0.57,0.54,0.54,0.52,0.56,0.57,0.57,0.54,0.55,0.51,0.53,0.56,0.57,0.55,0.53,0.57,0.54,0.53,0.52,0.53,0.55,0.49,0.53,0.53,0.50,0.48,0.49,0.51,0.46,0.47,0.44,0.45,0.43,0.44,0.37,0.37,0.38,3.1%,-2.7%,0.2%
Turkey,0.15,0.18,0.21,0.25,0.28,0.30,0.36,0.40,0.49,0.48,0.53,0.60,0.68,0.72,0.64,0.66,0.65,0.69,0.73,0.73,0.76,0.82,0.93,0.99,0.93,0.99,0.96,1.02,1.17,1.11,1.25,1.31,1.29,1.28,1.28,1.34,1.25,1.33,1.31,1.34,1.32,1.38,1.40,1.38,1.41,1.37,1.34,1.41,1.51,1.55,1.86,1.98,2.07,2.00,2.01,1.89,2.02,2.10,4.1%,3.6%,1.1%
Ukraine,-,-,-,-,-,-,-,-,-,-,-,-,-,-,-,-,-,-,-,-,2.74,2.75,2.85,2.62,2.50,2.78,2.66,1.71,1.23,1.06,1.10,0.68,0.79,0.72,0.54,0.51,0.57,0.57,0.59,0.60,0.61,0.63,0.65,0.62,0.61,0.58,0.58,0.58,0.55,0.48,0.43,0.45,0.45,0.47,0.46,0.44,0.44,0.39,-12.9%,-2.6%,0.2%
United Kingdom,3.19,3.42,3.67,3.89,4.18,4.42,4.45,4.72,4.84,4.50,3.93,3.91,3.94,4.04,4.08,3.49,3.23,3.27,3.14,3.86,3.36,3.36,3.27,3.48,3.56,3.60,3.59,3.63,3.64,3.61,3.56,3.65,3.55,3.51,3.47,3.43,3.41,3.39,3.41,3.51,3.61,3.57,3.47,3.40,3.24,3.19,3.12,3.04,2.96,2.96,3.05,3.14,3.18,3.14,3.07,2.37,2.45,2.67,8.8%,-2.1%,1.4%
Other Europe,0.17,0.21,0.25,0.29,0.31,0.37,0.47,0.49,0.54,0.60,0.59,0.63,0.69,0.75,0.80,0.74,0.68,0.70,0.74,0.70,0.97,1.02,1.02,1.10,1.05,0.72,0.56,0.43,0.38,0.36,0.34,0.40,0.44,0.42,0.38,0.41,0.48,0.52,0.57,0.61,0.63,0.65,0.68,0.68,0.68,0.69,0.69,0.65,0.64,0.63,0.65,0.70,0.73,0.73,0.75,0.70,0.68,0.71,4.5%,0.5%,0.4%
Total Europe,17.93,19.68,21.36,23.49,26.16,29.00,30.43,32.57,34.90,32.86,31.72,33.88,33.58,35.28,36.09,33.66,31.36,29.84,29.01,29.18,32.64,33.64,33.80,33.97,33.85,34.51,34.21,33.32,32.55,32.41,33.03,33.37,33.64,34.31,33.82,33.42,33.88,33.73,33.92,34.25,34.44,34.54,33.86,33.49,31.81,31.56,30.68,29.69,29.13,28.62,29.36,29.99,30.62,30.49,30.38,26.47,27.70,28.72,3.7%,-0.7%,15.1%
,,,,,,,,,,,,,,,,,,,,,,,,,,,,,,,,,,,,,,,,,,,,,,,,,,,,,,,,,,,,-,
Azerbaijan,-,-,-,-,-,-,-,-,-,-,-,-,-,-,-,-,-,-,-,-,0.35,0.37,0.34,0.35,0.34,0.36,0.35,0.34,0.34,0.31,0.28,0.25,0.24,0.25,0.24,0.27,0.17,0.16,0.18,0.20,0.23,0.21,0.20,0.16,0.14,0.14,0.18,0.19,0.20,0.20,0.20,0.20,0.20,0.21,0.20,0.20,0.23,0.25,7.6%,1.9%,0.1%
Belarus,-,-,-,-,-,-,-,-,-,-,-,-,-,-,-,-,-,-,-,-,1.07,1.26,1.25,1.21,1.13,1.12,1.10,0.81,0.63,0.51,0.45,0.44,0.39,0.36,0.33,0.33,0.32,0.34,0.34,0.33,0.31,0.36,0.33,0.33,0.38,0.33,0.36,0.44,0.33,0.34,0.28,0.30,0.30,0.35,0.36,0.34,0.33,0.31,-4.4%,-2.8%,0.2%
Kazakhstan,-,-,-,-,-,-,-,-,-,-,-,-,-,-,-,-,-,-,-,-,0.89,0.81,0.78,0.79,0.80,0.92,0.93,0.87,0.67,0.53,0.51,0.44,0.44,0.36,0.30,0.33,0.33,0.34,0.37,0.39,0.40,0.46,0.50,0.50,0.41,0.42,0.55,0.59,0.60,0.62,0.58,0.60,0.62,0.66,0.67,0.59,0.63,0.78,23.1%,0.7%,0.4%
Russian Federation,-,-,-,-,-,-,-,-,-,-,-,-,-,-,-,-,-,-,-,-,10.57,10.70,10.78,10.70,10.90,10.74,10.47,10.00,8.34,7.37,6.43,5.54,5.50,5.27,5.38,5.28,5.43,5.24,5.43,5.36,5.38,5.65,5.62,5.80,5.57,5.78,6.20,6.41,6.43,6.75,6.52,6.64,6.62,6.70,6.83,6.52,6.88,7.05,2.6%,0.7%,3.7%
Turkmenistan,-,-,-,-,-,-,-,-,-,-,-,-,-,-,-,-,-,-,-,-,0.21,0.15,0.15,0.15,0.15,0.20,0.22,0.21,0.12,0.12,0.11,0.13,0.13,0.17,0.18,0.17,0.17,0.19,0.22,0.22,0.22,0.21,0.22,0.23,0.22,0.24,0.25,0.26,0.27,0.28,0.28,0.28,0.28,0.28,0.29,0.29,0.29,0.30,2.1%,1.2%,0.2%
USSR,7.18,7.69,8.38,8.93,9.50,10.46,11.09,12.02,12.93,14.20,14.88,15.30,15.91,16.88,17.18,18.01,18.16,18.03,17.77,17.77,-,-,-,-,-,-,-,-,-,-,-,-,-,-,-,-,-,-,-,-,-,-,-,-,-,-,-,-,-,-,-,-,-,-,-,-,-,-,-,-,♦
Uzbekistan,-,-,-,-,-,-,-,-,-,-,-,-,-,-,-,-,-,-,-,-,0.44,0.45,0.45,0.47,0.48,0.47,0.45,0.36,0.38,0.32,0.28,0.28,0.30,0.29,0.30,0.30,0.30,0.30,0.29,0.27,0.23,0.24,0.25,0.23,0.20,0.21,0.22,0.18,0.17,0.16,0.16,0.17,0.17,0.18,0.18,0.19,0.22,0.22,0.4%,1.8%,0.1%
Other CIS,-,-,-,-,-,-,-,-,-,-,-,-,-,-,-,-,-,-,-,-,0.58,0.55,0.56,0.57,0.54,0.59,0.44,0.35,0.22,0.10,0.10,0.09,0.08,0.08,0.07,0.06,0.07,0.07,0.07,0.08,0.09,0.10,0.11,0.12,0.13,0.13,0.13,0.15,0.15,0.15,0.15,0.17,0.16,0.19,0.17,0.16,0.18,0.19,2.9%,2.0%,0.1%
Total CIS,7.18,7.69,8.38,8.93,9.50,10.46,11.09,12.02,12.93,14.20,14.88,15.30,15.91,16.88,17.18,18.01,18.16,18.03,17.77,17.77,14.10,14.28,14.32,14.23,14.34,14.41,13.97,12.95,10.69,9.26,8.16,7.17,7.07,6.78,6.81,6.75,6.79,6.63,6.91,6.84,6.85,7.23,7.24,7.38,7.04,7.24,7.89,8.22,8.15,8.49,8.18,8.37,8.35,8.58,8.70,8.31,8.76,9.10,3.9%,0.6%,4.8%
,,,,,,,,,,,,,,,,,,,,,,,,,,,,,,,,,,,,,,,,,,,,,,,,,,,,,,,,,,,,-,
Iran,0.29,0.32,0.36,0.39,0.43,0.47,0.51,0.57,0.68,0.79,0.93,1.05,1.22,1.22,1.29,1.19,1.18,1.29,1.57,1.70,1.87,1.72,1.80,1.80,1.93,1.99,2.11,2.27,2.49,2.57,2.53,2.65,2.73,2.65,2.71,2.79,2.88,2.90,2.92,3.06,3.28,3.57,3.60,3.71,3.61,3.37,3.43,3.54,3.78,3.46,3.05,3.05,3.09,3.24,3.41,3.27,3.33,3.69,10.9%,-0.6%,1.9%
Iraq,0.07,0.07,0.07,0.08,0.09,0.11,0.12,0.15,0.14,0.14,0.14,0.17,0.20,0.22,0.26,0.31,0.31,0.32,0.38,0.42,0.48,0.53,0.54,0.59,0.67,0.67,0.46,0.72,0.99,1.11,1.10,1.11,1.35,0.98,0.68,1.02,1.16,1.10,0.99,1.08,1.01,0.98,0.88,0.98,0.95,1.08,1.15,1.27,1.41,1.40,1.41,1.53,1.72,1.63,1.56,1.28,1.44,1.59,10.7%,1.3%,0.8%
Israel,0.14,0.15,0.18,0.18,0.21,0.22,0.26,0.24,0.26,0.26,0.27,0.28,0.29,0.32,0.33,0.33,0.34,0.34,0.32,0.31,0.27,0.28,0.31,0.34,0.35,0.36,0.36,0.42,0.45,0.47,0.53,0.52,0.57,0.59,0.63,0.56,0.52,0.51,0.53,0.50,0.49,0.48,0.49,0.48,0.45,0.45,0.47,0.56,0.42,0.39,0.42,0.43,0.45,0.45,0.46,0.40,0.41,0.46,12.0%,-3.0%,0.2%
Kuwait,0.22,0.22,0.21,0.21,0.20,0.19,0.19,0.21,0.20,0.18,0.14,0.16,0.16,0.17,0.19,0.17,0.23,0.26,0.29,0.30,0.29,0.30,0.30,0.28,0.28,0.19,0.15,0.20,0.18,0.22,0.22,0.22,0.24,0.36,0.42,0.43,0.45,0.52,0.63,0.72,0.78,0.73,0.74,0.78,0.83,0.91,0.88,0.86,0.88,0.90,0.88,0.82,0.86,0.89,0.84,0.78,0.78,0.81,2.7%,-0.9%,0.4%
Oman,^,^,^,^,^,^,0.06,0.06,0.06,0.05,0.05,0.05,0.05,0.05,0.05,0.04,0.04,0.04,0.04,0.05,0.06,0.06,0.05,0.06,0.06,0.08,0.13,0.12,0.12,0.10,0.11,0.10,0.09,0.09,0.11,0.12,0.14,0.16,0.15,0.15,0.17,0.18,0.18,0.24,0.23,0.26,0.28,0.31,0.36,0.37,0.38,0.39,0.43,0.45,0.44,0.35,0.40,0.45,12.8%,2.6%,0.2%
Qatar,^,^,^,^,^,^,^,^,0.01,0.01,0.01,0.01,0.02,0.02,0.02,0.02,0.02,0.03,0.03,0.03,0.03,0.04,0.04,0.05,0.05,0.05,0.04,0.05,0.05,0.06,0.06,0.06,0.08,0.08,0.08,0.08,0.09,0.10,0.12,0.14,0.16,0.20,0.23,0.27,0.27,0.29,0.36,0.38,0.46,0.48,0.57,0.59,0.53,0.55,0.59,0.44,0.49,0.56,14.3%,2.4%,0.3%
Saudi Arabia,0.82,0.83,0.84,0.85,0.85,0.89,0.90,0.96,1.02,1.07,0.82,0.95,1.10,1.19,1.44,1.18,1.42,1.58,1.75,1.95,1.98,1.96,2.08,2.14,2.06,2.20,2.30,2.23,2.24,2.71,2.60,2.69,2.73,2.91,3.01,3.10,3.28,3.39,3.59,3.88,4.08,4.33,4.45,4.91,5.25,5.82,6.05,6.37,6.41,7.05,7.43,7.65,7.52,7.12,6.70,6.33,6.62,7.15,8.0%,0.4%,3.7%
United Arab Emirates,^,^,^,^,^,0.01,0.01,0.01,0.01,0.02,0.03,0.04,0.06,0.07,0.09,0.22,0.24,0.26,0.26,0.30,0.37,0.45,0.49,0.59,0.62,0.65,0.80,0.81,0.84,0.88,0.88,0.85,0.86,0.86,0.84,0.83,0.82,0.85,0.94,1.01,1.05,1.13,1.21,1.28,1.25,1.34,1.44,1.51,1.67,1.70,1.78,1.93,1.91,1.90,1.86,1.73,1.91,2.19,14.2%,2.4%,1.1%
Other Middle East,0.21,0.22,0.22,0.23,0.24,0.25,0.26,0.25,0.29,0.31,0.33,0.37,0.40,0.44,0.50,0.53,0.57,0.63,0.69,0.74,0.76,0.75,0.79,0.80,0.79,0.84,0.92,0.93,0.95,1.00,1.04,1.07,1.09,1.17,1.19,1.20,1.23,1.26,1.29,1.37,1.57,1.57,1.61,1.69,1.65,1.54,1.51,1.43,1.34,1.33,1.15,1.09,1.16,1.15,1.10,0.99,1.02,1.07,5.4%,-3.4%,0.6%
Total Middle East,1.77,1.81,1.89,1.95,2.03,2.15,2.31,2.45,2.66,2.83,2.71,3.09,3.51,3.69,4.17,3.98,4.35,4.75,5.33,5.81,6.12,6.10,6.40,6.65,6.82,7.03,7.27,7.75,8.30,9.11,9.07,9.26,9.74,9.69,9.66,10.13,10.56,10.80,11.17,11.92,12.59,13.18,13.38,14.34,14.49,15.05,15.58,16.22,16.72,17.09,17.06,17.48,17.67,17.39,16.95,15.58,16.40,17.97,9.5%,0.1%,9.4%
,,,,,,,,,,,,,,,,,,,,,,,,,,,,,,,,,,,,,,,,,,,,,,,,,,,,,,,,,,,,-,
Algeria,0.06,0.07,0.07,0.07,0.08,0.09,0.10,0.11,0.12,0.13,0.15,0.17,0.19,0.20,0.24,0.24,0.26,0.27,0.31,0.34,0.35,0.35,0.36,0.36,0.37,0.40,0.40,0.40,0.40,0.38,0.37,0.35,0.35,0.36,0.36,0.37,0.38,0.43,0.44,0.46,0.48,0.50,0.56,0.61,0.65,0.65,0.69,0.74,0.77,0.80,0.85,0.83,0.81,0.82,0.85,0.76,0.80,0.86,7.9%,0.8%,0.5%
Egypt,0.29,0.31,0.26,0.27,0.20,0.26,0.27,0.30,0.29,0.32,0.35,0.41,0.44,0.46,0.50,0.56,0.64,0.73,0.80,0.87,0.88,0.89,0.94,0.93,0.97,0.99,0.97,0.94,0.88,0.91,0.99,1.05,1.11,1.16,1.19,1.17,1.10,1.10,1.12,1.18,1.25,1.21,1.31,1.39,1.45,1.50,1.49,1.52,1.54,1.62,1.66,1.71,1.62,1.45,1.37,1.18,1.27,1.52,19.4%,-1.8%,0.8%
Morocco,0.04,0.06,0.07,0.07,0.08,0.08,0.09,0.09,0.11,0.12,0.12,0.13,0.15,0.16,0.18,0.18,0.18,0.19,0.19,0.20,0.20,0.20,0.20,0.21,0.23,0.24,0.24,0.28,0.29,0.31,0.29,0.28,0.29,0.29,0.32,0.30,0.30,0.31,0.31,0.36,0.39,0.40,0.42,0.46,0.47,0.52,0.55,0.56,0.56,0.54,0.52,0.54,0.57,0.55,0.56,0.49,0.56,0.57,2.3%,♦,0.3%
South Africa,0.24,0.26,0.29,0.31,0.34,0.37,0.41,0.44,0.49,0.48,0.51,0.51,0.51,0.53,0.50,0.52,0.56,0.57,0.58,0.63,0.61,0.59,0.63,0.69,0.71,0.72,0.73,0.75,0.78,0.81,0.87,0.89,0.91,0.92,0.94,0.95,0.97,1.00,1.03,1.07,1.07,1.09,1.12,1.06,1.04,1.08,1.10,1.13,1.15,1.13,1.25,1.19,1.19,1.19,1.18,0.96,1.04,1.06,2.2%,-0.8%,0.6%
Eastern Africa,0.25,0.26,0.28,0.29,0.32,0.33,0.36,0.37,0.39,0.39,0.38,0.38,0.39,0.38,0.39,0.40,0.39,0.37,0.38,0.38,0.40,0.40,0.40,0.44,0.45,0.45,0.44,0.45,0.47,0.49,0.50,0.50,0.53,0.54,0.57,0.55,0.59,0.58,0.61,0.65,0.69,0.74,0.77,0.79,0.83,0.87,0.90,0.97,1.02,1.06,1.16,1.20,1.28,1.32,1.35,1.23,1.34,1.37,2.0%,3.3%,0.7%
Middle Africa,0.09,0.09,0.09,0.09,0.10,0.10,0.11,0.12,0.12,0.12,0.12,0.12,0.13,0.16,0.16,0.16,0.17,0.16,0.18,0.16,0.18,0.17,0.18,0.19,0.19,0.17,0.17,0.17,0.17,0.17,0.16,0.17,0.17,0.16,0.17,0.19,0.20,0.21,0.23,0.25,0.23,0.27,0.30,0.34,0.38,0.41,0.43,0.48,0.54,0.58,0.56,0.52,0.47,0.47,0.50,0.43,0.45,0.42,-6.7%,-0.5%,0.2%
Western Africa,0.18,0.18,0.19,0.20,0.21,0.23,0.28,0.29,0.33,0.34,0.38,0.42,0.47,0.50,0.54,0.57,0.64,0.67,0.63,0.57,0.60,0.55,0.59,0.62,0.63,0.61,0.66,0.72,0.71,0.71,0.72,0.76,0.76,0.77,0.81,0.81,0.84,0.89,0.87,0.90,0.96,0.88,0.91,1.02,1.02,1.09,1.09,1.15,1.19,1.11,1.12,1.25,1.37,1.57,1.63,1.59,1.72,1.80,4.7%,4.1%,0.9%
Other Northern Africa,0.08,0.08,0.09,0.10,0.10,0.11,0.10,0.11,0.14,0.15,0.15,0.19,0.22,0.24,0.27,0.31,0.34,0.36,0.39,0.37,0.39,0.38,0.44,0.45,0.45,0.45,0.46,0.44,0.49,0.53,0.56,0.56,0.58,0.61,0.63,0.67,0.66,0.66,0.70,0.71,0.75,0.79,0.73,0.74,0.80,0.81,0.54,0.69,0.72,0.73,0.65,0.60,0.62,0.63,0.63,0.54,0.66,0.66,1.3%,-0.5%,0.3%
Other Southern Africa,^,^,^,^,^,^,^,^,^,0.01,0.01,0.01,0.01,0.01,0.01,0.01,0.01,0.01,0.01,0.01,0.01,0.01,0.01,0.01,0.02,0.04,0.04,0.05,0.05,0.05,0.06,0.06,0.06,0.06,0.07,0.07,0.07,0.07,0.07,0.08,0.08,0.08,0.08,0.09,0.09,0.10,0.10,0.10,0.11,0.11,0.12,0.12,0.11,0.12,0.12,0.11,0.11,0.12,4.4%,0.8%,0.1%
Total Africa,1.23,1.33,1.33,1.41,1.43,1.57,1.71,1.84,1.98,2.05,2.15,2.35,2.50,2.64,2.78,2.95,3.19,3.34,3.47,3.54,3.63,3.54,3.74,3.89,4.02,4.09,4.11,4.19,4.23,4.37,4.52,4.62,4.77,4.88,5.06,5.07,5.12,5.24,5.40,5.66,5.91,5.97,6.19,6.50,6.74,7.02,6.90,7.33,7.60,7.68,7.89,7.95,8.04,8.12,8.19,7.29,7.95,8.39,5.5%,0.8%,4.4%
,,,,,,,,,,,,,,,,,,,,,,,,,,,,,,,,,,,,,,,,,,,,,,,,,,,,,,,,,,,,-,
Australia,0.72,0.77,0.84,0.92,0.94,1.04,1.10,1.12,1.19,1.27,1.25,1.28,1.34,1.37,1.39,1.32,1.30,1.28,1.15,1.19,1.20,1.18,1.21,1.27,1.32,1.35,1.31,1.33,1.38,1.42,1.54,1.58,1.61,1.61,1.64,1.64,1.65,1.66,1.66,1.70,1.72,1.78,1.82,1.85,1.81,1.87,1.97,2.02,2.08,2.07,2.05,2.06,2.16,2.20,2.18,1.88,1.93,2.07,7.2%,-0.5%,1.1%
Bangladesh,-,-,-,-,-,-,0.03,0.04,0.04,0.04,0.05,0.05,0.05,0.06,0.06,0.07,0.07,0.07,0.06,0.06,0.07,0.08,0.08,0.08,0.08,0.08,0.07,0.08,0.09,0.10,0.13,0.13,0.15,0.16,0.14,0.14,0.17,0.15,0.16,0.16,0.17,0.17,0.16,0.16,0.15,0.17,0.22,0.25,0.25,0.28,0.34,0.34,0.39,0.45,0.44,0.37,0.46,0.55,19.5%,6.5%,0.3%
China,0.46,0.60,0.59,0.64,0.86,1.20,1.63,1.87,2.28,2.62,2.89,3.31,3.50,3.88,3.89,3.50,3.32,3.28,3.35,3.47,3.64,3.87,4.11,4.43,4.64,4.59,4.96,5.39,5.99,6.09,6.57,7.28,8.00,8.24,8.77,9.46,9.66,10.42,11.65,13.60,13.82,14.82,15.53,15.87,16.49,18.77,19.41,20.36,21.27,22.11,23.80,24.56,25.86,27.12,28.49,28.74,29.52,28.16,-4.6%,3.8%,14.8%
China Hong Kong SAR,0.09,0.10,0.12,0.13,0.15,0.16,0.17,0.20,0.21,0.21,0.20,0.23,0.25,0.26,0.27,0.27,0.29,0.28,0.25,0.23,0.22,0.22,0.21,0.24,0.26,0.27,0.27,0.35,0.36,0.39,0.41,0.41,0.40,0.39,0.41,0.43,0.51,0.56,0.56,0.66,0.59,0.64,0.69,0.62,0.71,0.77,0.77,0.74,0.75,0.71,0.78,0.81,0.92,0.93,0.87,0.61,0.55,0.47,-14.0%,-3.0%,0.2%
India,0.53,0.59,0.61,0.68,0.82,0.82,0.88,0.94,1.00,0.98,1.00,1.06,1.13,1.23,1.33,1.36,1.46,1.52,1.60,1.72,1.86,1.96,2.02,2.22,2.40,2.50,2.54,2.68,2.71,2.91,3.24,3.50,3.74,4.01,4.40,4.61,4.63,4.72,4.81,5.09,5.18,5.47,5.84,6.14,6.46,6.60,6.91,7.33,7.38,7.59,8.20,8.99,9.26,9.68,9.99,9.07,9.25,10.05,8.7%,2.3%,5.3%
Indonesia,0.26,0.25,0.24,0.26,0.27,0.29,0.30,0.33,0.39,0.41,0.47,0.50,0.59,0.67,0.73,0.82,0.90,0.93,0.91,0.98,0.97,0.99,1.03,1.08,1.15,1.32,1.40,1.51,1.61,1.60,1.77,1.90,2.11,2.01,2.10,2.29,2.37,2.38,2.45,2.59,2.58,2.49,2.63,2.68,2.69,2.85,3.05,3.21,3.11,3.09,2.95,2.84,3.05,3.15,3.07,2.70,2.81,3.06,9.0%,-1.3%,1.6%
Japan,3.65,4.16,5.10,5.93,7.02,8.27,9.13,9.75,11.20,10.78,10.18,10.59,10.87,11.24,11.36,10.21,9.65,9.00,9.00,9.52,9.03,9.13,9.17,9.86,10.25,10.67,10.78,11.03,10.80,11.42,11.85,11.93,11.80,11.38,11.57,11.41,11.07,10.99,11.25,10.95,10.78,10.40,10.08,9.70,8.70,8.78,8.78,9.37,8.96,8.51,8.17,7.93,7.81,7.56,7.32,6.50,6.61,6.61,0.1%,-3.4%,3.5%
Malaysia,0.11,0.13,0.14,0.14,0.16,0.15,0.16,0.18,0.19,0.19,0.20,0.22,0.27,0.28,0.32,0.35,0.37,0.39,0.41,0.41,0.40,0.37,0.38,0.40,0.42,0.48,0.55,0.65,0.67,0.71,0.81,0.89,1.02,0.93,0.91,0.98,1.06,1.15,1.20,1.26,1.30,1.26,1.34,1.29,1.28,1.29,1.32,1.45,1.54,1.55,1.44,1.60,1.50,1.52,1.66,1.37,1.48,1.73,16.5%,0.2%,0.9%
New Zealand,0.12,0.13,0.14,0.14,0.15,0.17,0.18,0.19,0.20,0.19,0.18,0.19,0.19,0.18,0.18,0.18,0.17,0.17,0.16,0.17,0.15,0.14,0.16,0.16,0.16,0.18,0.19,0.19,0.19,0.22,0.24,0.24,0.26,0.26,0.26,0.27,0.27,0.28,0.30,0.29,0.31,0.31,0.31,0.31,0.30,0.30,0.31,0.31,0.31,0.32,0.33,0.34,0.36,0.36,0.37,0.30,0.30,0.30,-0.1%,-0.1%,0.2%
Pakistan,0.16,0.17,0.19,0.21,0.20,0.20,0.18,0.15,0.16,0.17,0.17,0.17,0.18,0.19,0.21,0.22,0.23,0.25,0.28,0.30,0.32,0.35,0.38,0.41,0.44,0.46,0.48,0.53,0.58,0.62,0.67,0.70,0.73,0.75,0.78,0.80,0.79,0.77,0.68,0.69,0.65,0.75,0.82,0.83,0.89,0.88,0.88,0.86,0.94,0.97,1.06,1.18,1.22,1.02,0.90,0.88,1.02,0.99,-2.8%,1.8%,0.5%
Philippines,0.18,0.20,0.22,0.25,0.27,0.31,0.36,0.35,0.41,0.38,0.41,0.42,0.46,0.48,0.49,0.46,0.43,0.42,0.44,0.36,0.32,0.33,0.39,0.42,0.47,0.50,0.49,0.55,0.61,0.62,0.73,0.76,0.84,0.82,0.76,0.71,0.71,0.67,0.67,0.68,0.63,0.58,0.60,0.57,0.60,0.62,0.59,0.61,0.64,0.68,0.78,0.84,0.89,0.90,0.92,0.75,0.81,0.89,10.3%,2.9%,0.5%
Singapore,0.17,0.20,0.24,0.29,0.29,0.31,0.27,0.34,0.32,0.32,0.31,0.37,0.37,0.38,0.40,0.40,0.46,0.45,0.48,0.50,0.51,0.59,0.62,0.72,0.82,0.98,1.00,1.03,1.12,1.29,1.35,1.36,1.43,1.45,1.44,1.53,1.64,1.56,1.45,1.60,1.70,1.83,1.99,2.12,2.29,2.48,2.58,2.57,2.55,2.58,2.72,2.88,2.93,2.95,2.87,2.80,2.77,2.66,-3.9%,0.8%,1.4%
South Korea,0.05,0.08,0.14,0.21,0.28,0.35,0.40,0.42,0.51,0.53,0.60,0.68,0.80,0.92,1.04,1.03,1.02,1.01,1.05,1.06,1.12,1.22,1.28,1.53,1.75,2.12,2.58,3.13,3.43,3.77,4.11,4.40,4.83,4.02,4.31,4.42,4.42,4.50,4.54,4.50,4.53,4.53,4.65,4.44,4.49,4.59,4.63,4.80,4.81,4.79,5.02,5.47,5.42,5.40,5.35,5.06,5.40,5.47,1.3%,1.2%,2.9%
Sri Lanka,0.03,0.03,0.04,0.04,0.04,0.06,0.06,0.07,0.07,0.06,0.06,0.06,0.06,0.06,0.07,0.07,0.07,0.08,0.08,0.07,0.07,0.07,0.08,0.07,0.07,0.07,0.07,0.08,0.09,0.09,0.10,0.12,0.12,0.13,0.14,0.16,0.15,0.16,0.16,0.16,0.18,0.19,0.20,0.18,0.19,0.19,0.21,0.23,0.19,0.22,0.23,0.28,0.26,0.26,0.27,0.25,0.23,0.20,-15.0%,0.3%,0.1%
Taiwan,0.09,0.11,0.13,0.15,0.19,0.22,0.31,0.34,0.43,0.39,0.45,0.58,0.64,0.75,0.75,0.78,0.69,0.78,0.78,0.75,0.74,0.83,0.87,1.01,1.13,1.17,1.21,1.26,1.34,1.43,1.56,1.56,1.60,1.66,1.78,1.80,1.86,1.87,1.95,2.00,2.01,2.03,2.10,1.99,1.95,2.04,1.90,1.86,1.92,1.98,2.03,2.04,2.02,2.01,1.91,1.83,1.92,1.77,-8.0%,0.3%,0.9%
Thailand,0.10,0.12,0.13,0.17,0.19,0.22,0.24,0.30,0.32,0.33,0.35,0.37,0.42,0.46,0.47,0.49,0.46,0.42,0.47,0.49,0.46,0.48,0.52,0.59,0.71,0.84,0.90,1.00,1.15,1.28,1.46,1.62,1.63,1.48,1.55,1.51,1.49,1.61,1.77,1.96,1.95,1.94,1.92,1.81,1.86,1.93,1.96,2.06,2.09,2.10,2.19,2.27,2.33,2.38,2.41,2.16,2.17,2.39,9.9%,0.5%,1.3%
Vietnam,0.06,0.14,0.21,0.21,0.26,0.27,0.22,0.23,0.23,0.14,0.13,0.03,0.03,0.04,0.05,0.08,0.07,0.07,0.08,0.08,0.09,0.09,0.11,0.12,0.11,0.13,0.12,0.13,0.17,0.19,0.21,0.24,0.28,0.30,0.34,0.36,0.39,0.43,0.46,0.55,0.55,0.53,0.60,0.62,0.64,0.72,0.72,0.72,0.75,0.79,0.96,1.06,1.11,1.17,1.21,1.02,0.94,1.03,9.2%,2.7%,0.5%
Other Asia Pacific,0.15,0.16,0.17,0.18,0.18,0.19,0.20,0.24,0.23,0.26,0.23,0.26,0.25,0.28,0.31,0.33,0.34,0.34,0.34,0.36,0.35,0.38,0.37,0.37,0.35,0.38,0.34,0.32,0.33,0.32,0.35,0.37,0.38,0.40,0.38,0.41,0.41,0.43,0.45,0.46,0.45,0.48,0.52,0.50,0.53,0.63,0.66,0.68,0.71,0.76,0.87,0.84,0.97,1.07,1.13,1.15,1.20,1.22,2.1%,5.8%,0.6%
Total Asia Pacific,6.96,7.93,9.24,10.56,12.26,14.23,15.83,17.06,19.39,19.26,19.15,20.38,21.42,22.75,23.31,21.94,21.32,20.74,20.89,21.72,21.53,22.27,22.99,24.97,26.51,28.10,29.28,31.25,32.62,34.47,37.09,38.99,40.90,39.98,41.69,42.93,43.25,44.32,46.15,48.91,49.13,50.19,51.79,51.69,52.02,55.47,56.88,59.42,60.24,61.10,63.91,66.33,68.47,70.12,71.35,67.45,69.37,69.61,0.4%,1.6%,36.5%
,,,,,,,,,,,,,,,,,,,,,,,,,,,,,,,,,,,,,,,,,,,,,,,,,,,,,,,,,,,,-,
Total World,64.79,69.67,74.68,81.00,87.71,95.47,100.88,108.50,117.22,115.63,114.29,121.62,125.86,131.58,133.61,127.89,123.36,119.55,118.64,121.25,121.20,124.97,127.46,131.59,133.79,135.64,135.59,137.33,136.66,139.62,142.06,145.20,149.23,150.01,152.58,154.72,156.16,157.23,160.75,167.00,168.80,170.60,172.59,171.14,167.36,172.70,173.93,176.81,178.53,179.76,183.47,187.17,190.32,192.26,192.65,174.99,184.86,190.69,3.2%,0.4%,100.0%
of which: OECD,48.37,52.01,55.82,60.76,66.03,71.72,75.20,80.64,86.76,83.20,80.65,85.91,88.02,91.26,91.63,85.33,80.34,76.18,74.88,76.80,76.79,79.46,80.56,83.51,84.58,85.17,85.26,87.34,87.59,90.02,91.38,93.98,95.30,95.76,97.19,97.28,97.21,97.02,98.33,100.15,100.43,99.59,98.93,95.42,90.51,91.11,89.83,89.23,88.72,87.80,88.96,90.27,91.00,91.42,90.74,79.57,85.05,87.98,3.4%,-0.5%,46.1%
                 Non-OECD,16.41,17.66,18.86,20.23,21.68,23.75,25.68,27.86,30.46,32.44,33.64,35.71,37.84,40.32,41.98,42.56,43.03,43.37,43.76,44.45,44.41,45.51,46.89,48.08,49.21,50.46,50.33,49.99,49.07,49.59,50.68,51.22,53.93,54.25,55.39,57.44,58.94,60.22,62.42,66.84,68.37,71.00,73.66,75.72,76.85,81.58,84.09,87.58,89.81,91.97,94.51,96.91,99.32,100.83,101.91,95.43,99.80,102.71,2.9%,1.3%,53.9%
                 European Union#,13.84,15.25,16.57,18.32,20.59,23.01,24.23,26.00,28.02,26.37,25.77,27.79,27.33,28.75,29.57,27.80,25.91,24.33,23.50,23.00,23.89,24.70,24.77,24.85,24.89,25.43,25.48,25.56,25.17,25.29,25.84,26.34,26.57,27.35,27.15,26.79,27.17,26.96,27.08,27.25,27.30,27.33,26.73,26.46,24.93,24.82,24.06,23.13,22.55,22.13,22.51,22.90,23.36,23.33,23.28,20.37,21.38,22.13,3.5%,-0.8%,11.6%
,,,,,,,,,,,,,,,,,,,,,,,,,,,,,,,,,,,,,,,,,,,,,,,,,,,,,,,,,,,,,
* Inland demand plus international aviation and marine bunkers and refinery fuel and loss. Consumption of biogasoline (such as ethanol) and biodiesel are excluded while derivatives of coal and natural gas are included.,,,,,,,,,,,,,,,,,,,,,,,,,,,,,,,,,,,,,,,,,,,,,,,,,,,,,,,,,,,,,
♦ Less than 0.05%.,,,,,,,,,,,,,,,,,,,,,,,,,,,,,,,,,,,,,,,,,,,,,,,,,,,,,,,,,,,,,
n/a not available.,,,,,,,,,,,,,,,,,,,,,,,,,,,,,,,,,,,,,,,,,,,,,,,,,,,,,,,,,,,,,
"USSR includes CIS, Georgia, Ukraine and the Baltic States.",,,,,,,,,,,,,,,,,,,,,,,,,,,,,,,,,,,,,,,,,,,,,,,,,,,,,,,,,,,,,
"#Excludes Estonia, Latvia and Lithuania prior to 1985 and Croatia and Slovenia prior to 1990.",,,,,,,,,,,,,,,,,,,,,,,,,,,,,,,,,,,,,,,,,,,,,,,,,,,,,,,,,,,,,
"Notes: Differences between these world consumption figures and world production statistics are accounted for by stock changes, consumption of non-petroleum additives and substitute fuels",,,,,,,,,,,,,,,,,,,,,,,,,,,,,,,,,,,,,,,,,,,,,,,,,,,,,,,,,,,,,
"and unavoidable disparities in the definition, measurement or conversion of oil supply and demand data.",,,,,,,,,,,,,,,,,,,,,,,,,,,,,,,,,,,,,,,,,,,,,,,,,,,,,,,,,,,,,
Annual changes and shares of total are calculated using exajoules figures. Growth rates are adjusted for leap years.,,,,,,,,,,,,,,,,,,,,,,,,,,,,,,,,,,,,,,,,,,,,,,,,,,,,,,,,,,,,,
